1,Buena Vista,21.8%,"$2,410.4",12,8,
2,Warner Bros.,18.4%,"$2,035.0",33,20,
3,Universal,13.8%,"$1,528.9",16,14,
4,20th Century Fox,12.0%,"$1,326.0",19,14,
5,Sony / Columbia,9.5%,"$1,054.1",28,25,
6,Lionsgate,8.0%,$885.0,22,19,
7,Paramount,4.8%,$534.3,18,12,
8,STX Entertainment,1.9%,$207.3,9,8,
9,Focus Features,1.2%,$129.9,10,7,
10,Weinstein Company,1.1%,$124.7,8,7,
11,Open Road Films,1.0%,$108.8,9,9,
12,A24,0.9%,$101.9,17,15,
13,Fox Searchlight,0.9%,$99.3,12,11,
14,Bleecker Street,0.5%,$59.7,7,6,
15,Entertainment Studios,0.4%,$48.2,4,4,
16,Roadside Attractions,0.4%,$39.1,10,9,
17,Aviron,0.3%,$30.7,1,1,
18,Sony Classics,0.3%,$30.5,18,12,
19,BH Tilt,0.3%,$29.7,5,5,
20,Fathom,0.2%,$27.2,26,26,
21,Pure Flix,0.2%,$23.7,3,3,
22,Broad Green Pictures,0.2%,$21.0,5,4,
23,Annapurna Pictures,0.2%,$20.5,3,3,
24,Great India Films,0.2%,$20.2,1,1,
25,Magnolia,0.1%,$11.8,26,22,
26,Neon,0.1%,$9.5,7,7,
27,Yash Raj,0.1%,$7.5,4,4,
28,Atlas Distribution,0.1%,$7.4,4,4,
29,The Orchard,0.1%,$6.9,16,14,
30,IFC,0.1%,$6.8,26,23,
31,IMAX,0.1%,$6.7,5,1,
32,FIP,0.1%,$6.4,7,7,
33,FUNimation Films,0.1%,$6.4,5,5,
34,Good Deed,0.1%,$6.3,3,3,
35,Sony / AFFIRM Films,0.1%,$5.8,1,1,
36,Well Go USA,0.1%,$5.7,26,24,
37,UTV Communications,0.0%,$4.9,2,1,
38,Oscilloscope Pictures,0.0%,$4.6,13,11,
39,Cohen Media Group,0.0%,$4.5,13,13,
40,China Lion,0.0%,$4.2,12,11,
41,Music Box Films,0.0%,$3.9,10,7,
42,Cinelou Films,0.0%,$3.6,1,1,
43,Novus,0.0%,$3.5,1,1,
44,Abramorama,0.0%,$3.4,21,19,
45,Zee TV,0.0%,$3.3,1,1,
46,CJ Entertainment,0.0%,$3.2,11,9,
47,Entertainment One,0.0%,$2.8,1,1,
48,Shorts International,0.0%,$2.8,1,1,
49,H Collective,0.0%,$2.7,1,1,
50,Screen Media,0.0%,$2.5,2,2,
51,Electric Entertainment,0.0%,$2.5,1,1,
52,Eleven Arts,0.0%,$2.4,4,4,
53,High Top Releasing,0.0%,$2.3,1,1,
54,Purdie Distribution,0.0%,$2.2,4,4,
55,FilmRise,0.0%,$1.9,21,15,
56,Reliance Big Pictures,0.0%,$1.8,1,1,
57,Gunpowder & Sky,0.0%,$1.7,2,2,
58,River Rain,0.0%,$1.7,1,1,
59,Kino Lorber,0.0%,$1.7,32,28,
60,CBS Films,0.0%,$1.5,2,2,
61,Menemsha,0.0%,$1.4,3,3,
62,Amazon Studios,0.0%,$1.3,1,1,
63,Faith Media,0.0%,$1.2,1,1,
64,Independent,0.0%,$1.1,5,5,
65,Distrib Films,0.0%,$1.1,4,4,
66,Eros,0.0%,$1.0,3,3,
67,Screenvision,0.0%,$1.0,1,1,
68,Reliance Films,0.0%,$1.0,1,1,
69,Gathr Films,0.0%,$917k,6,13,
70,Janus Films,0.0%,$891k,10,9,
71,GKIDS,0.0%,$759k,7,6,
72,PBS Distribution,0.0%,$733k,3,3,
73,Film Movement,0.0%,$708k,19,19,
74,Focus World,0.0%,$515k,1,1,
75,Orion Pictures,0.0%,$494k,5,5,
76,Indican,0.0%,$436k,26,17,
77,Paladin,0.0%,$416k,5,5,
78,Vitagraph,0.0%,$411k,3,3,
79,Samuel Goldwyn,0.0%,$379k,4,4,
80,Gravitas Ventures,0.0%,$376k,5,5,
81,Strand,0.0%,$374k,13,12,
82,The Film Arcade,0.0%,$292k,2,2,
83,Zeitgeist,0.0%,$286k,3,3,
84,Matson Films,0.0%,$280k,6,5,
85,ArtAffects,0.0%,$266k,2,2,
86,Rialto,0.0%,$240k,9,7,
87,Arrow Films,0.0%,$239k,4,4,
88,Sumerian Films,0.0%,$238k,1,1,
89,Argot Pictures,0.0%,$181k,5,5,
90,First Run,0.0%,$177k,12,12,
91,Smith Global ,0.0%,$169k,1,1,
92,Cinema Guild,0.0%,$163k,7,7,
93,Abkco Films,0.0%,$153k,1,1,
94,Zipporah Films,0.0%,$151k,1,1,
95,Submarine Deluxe,0.0%,$137k,2,2,
96,Society Films,0.0%,$128k,1,1,
97,Parade Deck Films,0.0%,$117k,9,9,
98,Grasshopper Film,0.0%,$108k,5,5,
99,Collective Eye,0.0%,$107k,1,0,
100,CFI Releasing,0.0%,$94.2k,1,1,
101,BBC Worldwide North America,0.0%,$81.3k,1,1,
102,Icarus Films,0.0%,$73.1k,12,4,
103,Bond/360,0.0%,$69.9k,3,3,
104,Under the Milky Way,0.0%,$66.2k,4,3,
105,Dada Films,0.0%,$65.4k,1,1,
106,Shout! Factory,0.0%,$62.4k,1,1,
107,Cinema Libre Studio,0.0%,$60.3k,1,1,
108,Crimson Forest,0.0%,$54.2k,1,1,
109,Vertical Entertainment,0.0%,$53.2k,4,4,
110,Sarkasmos,0.0%,$51.5k,1,1,
111,Cinema Libre,0.0%,$45.5k,1,1,
112,"Monterey Media, Inc.",0.0%,$37.7k,2,2,
113,Super,0.0%,$33.2k,1,1,
114,Freestyle Releasing,0.0%,$31.4k,4,3,
115,Epic Pictures,0.0%,$30.1k,3,3,
116,Lucid Dreaming Inc.,0.0%,$29.7k,1,1,
117,Newcity,0.0%,$29.6k,1,1,
118,Big World Pictures,0.0%,$29.2k,1,1,
119,Barn Owl,0.0%,$25.3k,1,1,
120,CAVU,0.0%,$25.3k,1,1,
121,CARUSEL,0.0%,$24.7k,1,1,
122,Eammon Films,0.0%,$22.8k,1,1,
123,EuropaCorp,0.0%,$21.2k,2,0,
124,The Film Collaborative,0.0%,$18.9k,2,1,
125,FilmBuff,0.0%,$17.9k,1,1,
126,,0.0%,$17.6k,4,4,
127,CanZion Films,0.0%,$15.3k,1,0,
128,Momentum,0.0%,$14.8k,1,1,
129,AMBI,0.0%,$10.8k,1,1,
130,Amor,0.0%,$10.3k,1,1,
131,TriCoast Worldwide,0.0%,$10.2k,1,1,
132,Five & Two Pictures,0.0%,$9.3k,1,0,
133,Arrow Releasing,0.0%,$8.4k,1,1,
134,Hannover House,0.0%,$6.8k,1,0,
135,Mypheduh Films,0.0%,$6.8k,1,1,
136,Monument Releasing,0.0%,$6.7k,1,1,
137,Global Digital,0.0%,$6.5k,1,1,
138,Medallion,0.0%,$6.2k,1,0,
139,Archstone,0.0%,$6.0k,1,1,
140,Paramount Classics,0.0%,$5.9k,1,1,
141,Factory,0.0%,$5.5k,1,1,
142,Swen,0.0%,$4.7k,2,2,
143,Vladar Company,0.0%,$4.4k,1,1,
144,Unknown,0.0%,$4.4k,1,1,
145,Smarthouse,0.0%,$3.8k,1,1,
146,Hibernation,0.0%,$3.6k,1,1,
147,Hey Jude Productions,0.0%,$3.3k,1,0,
148,Lightyear Entertainment,0.0%,$3.0k,1,0,
149,Uncork'd,0.0%,$2.9k,1,1,
150,Artsploitation,0.0%,$2.3k,1,1,
151,Vanish Films,0.0%,$1.6k,1,0,
152,Driving With Our Eyes Shut,0.0%,$1.3k,1,0,
153,The Ashton Times,0.0%,$0.3k,1,0,
1,Buena Vista,26.3%,"$3,000.9",16,13,
2,Warner Bros.,16.7%,"$1,902.2",35,23,
3,20th Century Fox,12.9%,"$1,468.9",22,16,
4,Universal,12.4%,"$1,408.0",20,17,
5,Sony / Columbia,8.0%,$911.5,27,22,
6,Paramount,7.7%,$876.8,18,15,
7,Lionsgate,5.8%,$665.0,27,24,
8,Focus Features,1.7%,$196.7,12,10,
9,STX Entertainment,1.7%,$195.6,7,6,
10,Open Road Films,0.9%,$107.0,8,7,
11,Roadside Attractions,0.7%,$75.7,11,10,
12,A24,0.6%,$65.8,20,18,
13,Weinstein Company,0.6%,$64.9,11,7,
14,Fox Searchlight,0.5%,$51.3,7,5,
15,Pure Flix,0.3%,$38.4,5,4,
16,Broad Green Pictures,0.3%,$37.1,6,6,
17,Bleecker Street,0.3%,$33.8,7,6,
18,Sony Classics,0.3%,$32.0,21,16,
19,EuropaCorp,0.3%,$30.1,3,3,
20,Relativity,0.2%,$19.8,2,2,
21,BH Tilt,0.1%,$15.6,2,2,
22,IFC,0.1%,$13.8,22,22,
23,Gramercy,0.1%,$12.7,1,1,
24,UTV Communications,0.1%,$11.3,7,6,
25,Freestyle Releasing,0.1%,$11.0,8,7,
26,FIP,0.1%,$10.7,6,6,
27,IMAX,0.1%,$10.4,6,3,
28,Yash Raj,0.1%,$9.0,3,3,
29,Well Go USA,0.1%,$8.5,13,12,
30,The Orchard,0.1%,$7.4,13,13,
31,Eros,0.1%,$7.4,14,13,
32,Magnolia,0.1%,$6.6,31,28,
33,Fathom,0.0%,$5.5,2,2,
34,Music Box Films,0.0%,$5.4,13,11,
35,China Lion,0.0%,$4.6,15,13,
36,The Film Arcade,0.0%,$4.4,2,2,
37,CineGalaxy,0.0%,$4.4,3,3,
38,Drafthouse,0.0%,$4.2,7,6,
39,Reliance Big Pictures,0.0%,$3.5,2,2,
40,Abramorama,0.0%,$3.3,10,9,
41,Blue SKy Cinema,0.0%,$3.1,2,2,
42,CJ Entertainment,0.0%,$3.0,16,15,
43,Shorts International,0.0%,$2.8,1,1,
44,FUNimation Films,0.0%,$2.6,5,5,
45,Strasson Group,0.0%,$2.3,1,0,
46,Cohen Media Group,0.0%,$2.1,13,11,
47,Hammond,0.0%,$2.0,1,1,
48,Oscilloscope Pictures,0.0%,$1.9,10,9,
49,Kino Lorber,0.0%,$1.5,38,30,
50,Entertainment One,0.0%,$1.5,4,3,
51,FilmRise,0.0%,$1.2,13,12,
52,Cinema Libre,0.0%,$1.2,2,2,
53,Cinema Libre Studio,0.0%,$1.2,2,2,
54,Amplify,0.0%,$1.2,1,1,
55,Menemsha,0.0%,$1.2,2,2,
56,GKIDS,0.0%,$1.1,6,5,
57,Yari Film Group,0.0%,$1.1,1,1,
58,LifeWay Films,0.0%,$1.1,1,1,
59,Zee TV,0.0%,$1.1,1,1,
60,IMG Films,0.0%,$996k,1,1,
61,Gathr Films,0.0%,$957k,6,6,
62,Gaatri Media,0.0%,$898k,1,1,
63,Indican,0.0%,$843k,23,15,
64,Saban Films,0.0%,$780k,1,1,
65,Purdie Distribution,0.0%,$744k,1,1,
66,Janus Films,0.0%,$736k,8,8,
67,Strand,0.0%,$730k,18,17,
68,Tugg ,0.0%,$664k,4,4,
69,Rialto,0.0%,$641k,9,7,
70,Film Movement,0.0%,$522k,13,12,
71,Starz Media,0.0%,$519k,3,3,
72,Mongrel Media,0.0%,$511k,3,1,
73,JBG Pictures,0.0%,$467k,1,1,
74,Eleven Arts,0.0%,$448k,2,2,
75,ArtAffects,0.0%,$420k,1,1,
76,Vertical Entertainment,0.0%,$393k,3,3,
77,Focus World,0.0%,$367k,6,6,
78,Asia Releasing,0.0%,$350k,1,1,
79,Reliance Films,0.0%,$332k,1,1,
80,Viva Pictures Distribution,0.0%,$322k,1,1,
81,Forewarned,0.0%,$317k,1,1,
82,Zeitgeist,0.0%,$289k,7,7,
83,Samuel Goldwyn,0.0%,$287k,7,7,
84,Vitagraph,0.0%,$286k,1,1,
85,Grasshopper Film,0.0%,$252k,6,6,
86,Icarus Films,0.0%,$237k,17,9,
87,The Film Collaborative,0.0%,$237k,6,5,
88,Sky Island Films,0.0%,$230k,1,1,
89,CanZion Films,0.0%,$226k,3,3,
90,First Run,0.0%,$207k,16,16,
91,Gravitas Ventures,0.0%,$174k,4,4,
92,Little Flower,0.0%,$170k,1,1,
93,Paladin,0.0%,$160k,4,4,
94,Michael Moore,0.0%,$149k,1,1,
95,,0.0%,$148k,4,4,
96,Five & Two Pictures,0.0%,$141k,3,2,
97,Pan Media & Entertainment,0.0%,$126k,1,1,
98,Submarine Deluxe,0.0%,$120k,1,0,
99,Big World Pictures,0.0%,$119k,2,2,
100,Providence Film Partners,0.0%,$113k,1,0,
101,Screen Media,0.0%,$111k,3,3,
102,International Film Circuit,0.0%,$109k,2,1,
103,Collective Eye,0.0%,$100k,1,1,
104,GVN Releasing,0.0%,$94.3k,1,1,
105,Matson Films,0.0%,$88.7k,3,3,
106,Cleopatra Films,0.0%,$82.7k,1,1,
107,Shadow Dist.,0.0%,$71.5k,1,1,
108,Vanish Films,0.0%,$71.2k,1,1,
109,Vanishing Angle Films,0.0%,$60.4k,1,1,
110,UnionDocs,0.0%,$60.0k,1,1,
111,"Monterey Media, Inc.",0.0%,$59.8k,7,7,
112,Dreamwest,0.0%,$57.8k,1,1,
113,American Experience Films,0.0%,$57.6k,1,1,
114,Distrib Films,0.0%,$57.3k,6,6,
115,"Ghosts Media, Inc.",0.0%,$55.6k,1,1,
116,High Top Releasing,0.0%,$50.3k,1,1,
117,Sundance Selects,0.0%,$50.2k,1,1,
118,Hannover House,0.0%,$46.1k,2,2,
119,Richmond Media Ent.,0.0%,$45.5k,1,1,
120,Cartuna,0.0%,$44.2k,1,1,
121,Lightyear Entertainment,0.0%,$43.6k,1,1,
122,Area23a,0.0%,$39.9k,1,1,
123,Transatlantic,0.0%,$36.9k,1,1,
124,International WOW,0.0%,$36.4k,1,1,
125,Linn Productions,0.0%,$35.8k,1,1,
126,Argot Pictures,0.0%,$31.7k,2,1,
127,25th Frame,0.0%,$29.5k,1,1,
128,Electric Entertainment,0.0%,$27.1k,1,1,
129,Jampa,0.0%,$26.7k,1,1,
130,In the Light,0.0%,$24.1k,1,0,
131,Orion Pictures,0.0%,$22.7k,2,2,
132,Long Shot Factory,0.0%,$22.3k,1,1,
133,Red Dirt Pictures,0.0%,$22.3k,1,1,
134,CAVU,0.0%,$19.6k,1,1,
135,Rocky Mountain Pictures,0.0%,$19.1k,1,1,
136,Wonder Vision,0.0%,$18.7k,1,1,
137,Zipporah Films,0.0%,$18.6k,1,0,
138,Eammon Films,0.0%,$18.1k,1,1,
139,WRA Productions,0.0%,$18.1k,1,1,
140,Monument Releasing,0.0%,$16.5k,2,1,
141,Independent,0.0%,$16.0k,2,2,
142,Bloodvine Media,0.0%,$15.0k,1,0,
143,Bow and Arrow,0.0%,$14.1k,1,1,
144,Hey Jude Productions,0.0%,$13.8k,1,1,
145,Corinth Films,0.0%,$13.8k,2,2,
146,Epic Pictures,0.0%,$11.3k,1,1,
147,Archstone,0.0%,$11.2k,1,1,
148,Gemelli,0.0%,$10.8k,1,1,
149,Mirror Images Ltd.,0.0%,$10.1k,1,1,
150,Under the Milky Way,0.0%,$9.9k,1,1,
151,26 Aries,0.0%,$9.5k,1,1,
152,Mainstreet,0.0%,$8.8k,1,1,
153,BBC Worldwide North America,0.0%,$7.5k,1,1,
154,The Ciesla Foundation,0.0%,$7.0k,1,0,
155,JSenko,0.0%,$7.0k,1,1,
156,Brainstorm Media,0.0%,$6.9k,1,1,
157,Boxcar,0.0%,$5.9k,1,1,
158,Surla Films,0.0%,$5.8k,1,1,
159,Driving With Our Eyes Shut,0.0%,$5.4k,2,2,
160,Uncork'd,0.0%,$3.8k,1,1,
161,Masters Media,0.0%,$3.4k,1,1,
162,Medallion,0.0%,$3.1k,1,1,
163,Artmattan Prods.,0.0%,$2.8k,1,1,
164,Anchor Bay Films,0.0%,$2.0k,1,1,
165,MarVista Entertainment,0.0%,$1.6k,1,1,
166,FilmBuff,0.0%,$1.5k,1,1,
167,Holt Hamilton Films,0.0%,$0.4k,1,0,
1,Universal,21.3%,"$2,444.9",23,21,
2,Buena Vista,19.8%,"$2,280.2",15,11,
3,Warner Bros.,13.9%,"$1,604.0",39,27,
4,20th Century Fox,11.3%,"$1,302.9",24,17,
5,Sony / Columbia,8.4%,$966.3,20,16,
6,Paramount,5.9%,$674.7,16,12,
7,Lionsgate,5.9%,$673.8,27,25,
8,New Line,2.9%,$337.4,6,4,
9,Weinstein Company,2.6%,$301.5,14,11,
10,Fox Searchlight,1.0%,$119.3,11,8,
11,Focus Features,1.0%,$117.6,12,10,
12,Relativity,0.6%,$74.2,6,4,
13,Open Road Films,0.6%,$70.2,8,6,
14,STX Entertainment,0.6%,$63.9,2,2,
15,Sony Classics,0.5%,$62.0,23,19,
16,A24,0.5%,$55.6,11,9,
17,Roadside Attractions,0.3%,$37.2,12,10,
18,Broad Green Pictures,0.3%,$34.7,7,7,
19,Pure Flix,0.2%,$28.4,3,3,
20,Eros,0.2%,$23.6,14,14,
21,Bleecker Street,0.2%,$22.5,5,5,
22,CBS Films,0.2%,$20.5,1,1,
23,Radius-TWC,0.2%,$17.5,10,9,
24,EuropaCorp,0.1%,$16.1,2,2,
25,IFC,0.1%,$12.4,35,30,
26,UTV Communications,0.1%,$10.2,6,5,
27,FUNimation Films,0.1%,$8.9,4,4,
28,Magnolia,0.1%,$7.3,26,23,
29,High Top Releasing,0.1%,$7.2,1,1,
30,BH Tilt,0.1%,$7.2,1,1,
31,Blue SKy Cinema,0.1%,$6.7,1,1,
32,FIP,0.1%,$6.4,7,7,
33,Well Go USA,0.1%,$6.0,11,11,
34,Samuel Goldwyn,0.0%,$5.4,7,7,
35,China Lion,0.0%,$5.2,21,17,
36,Freestyle Releasing,0.0%,$4.9,16,16,
37,Music Box Films,0.0%,$4.8,15,12,
38,CJ Entertainment,0.0%,$4.7,16,15,
39,Unison/Paladin,0.0%,$3.5,1,1,
40,The Orchard,0.0%,$3.1,9,9,
41,IMAX,0.0%,$2.9,4,0,
42,Alchemy,0.0%,$2.7,6,6,
43,Cohen Media Group,0.0%,$2.6,12,11,
44,Shorts International,0.0%,$2.4,1,1,
45,Yash Raj,0.0%,$2.4,2,2,
46,Clarius Entertainment,0.0%,$2.2,1,1,
47,Cinelou Films,0.0%,$2.0,1,1,
48,GKIDS,0.0%,$1.9,5,3,
49,Gathr Films,0.0%,$1.8,9,6,
50,National Geographic Entertainment,0.0%,$1.7,1,0,
51,Universal Home Entertainment,0.0%,$1.7,1,1,
52,Aascar Film,0.0%,$1.4,1,1,
53,Eleven Arts,0.0%,$1.4,4,2,
54,Excel,0.0%,$1.3,1,1,
55,Kino Lorber,0.0%,$1.3,35,24,
56,Purdie Distribution,0.0%,$1.2,3,2,
57,Picturehouse (II),0.0%,$1.0,2,2,
58,Oscilloscope Pictures,0.0%,$989k,9,8,
59,Thinking Man Films,0.0%,$926k,1,1,
60,Gravitas Ventures,0.0%,$811k,5,5,
61,Rialto,0.0%,$777k,13,9,
62,Drafthouse,0.0%,$732k,12,9,
63,Amplify,0.0%,$725k,3,3,
64,Abramorama,0.0%,$719k,4,4,
65,International Film Circuit,0.0%,$698k,5,4,
66,Fox Star Studios,0.0%,$614k,1,1,
67,Counterpoint Films,0.0%,$568k,1,0,
68,Reliance Films,0.0%,$565k,2,2,
69,Cinema Guild,0.0%,$563k,7,5,
70,Janus Films,0.0%,$544k,4,4,
71,PBS Distribution,0.0%,$517k,1,1,
72,Entertainment One,0.0%,$501k,1,1,
73,Strand,0.0%,$469k,16,15,
74,Showtime,0.0%,$465k,2,2,
75,Film Movement,0.0%,$434k,12,11,
76,The Ciesla Foundation,0.0%,$427k,1,1,
77,Five & Two Pictures,0.0%,$422k,1,0,
78,Submarine Deluxe,0.0%,$422k,5,4,
79,Adopt Films,0.0%,$353k,1,1,
80,Aspiration Media,0.0%,$347k,1,1,
81,Ripple Effect Inc.,0.0%,$316k,1,1,
82,FilmRise,0.0%,$260k,2,2,
83,The Film Arcade,0.0%,$250k,6,6,
84,Play Now Enterprise,0.0%,$240k,1,1,
85,Saban Films,0.0%,$231k,1,0,
86,Starz Media,0.0%,$230k,2,2,
87,Atlas Distribution,0.0%,$228k,1,1,
88,Liberty Studios,0.0%,$177k,1,0,
89,Zipporah Films,0.0%,$169k,2,1,
90,First Run,0.0%,$166k,15,13,
91,Sundance Selects,0.0%,$142k,1,1,
92,Argot Pictures,0.0%,$141k,2,2,
93,Indican,0.0%,$134k,15,15,
94,Zeitgeist,0.0%,$133k,4,2,
95,Tribeca Film,0.0%,$117k,6,5,
96,Azoland,0.0%,$116k,1,1,
97,Distrib Films,0.0%,$115k,10,9,
98,FilmBuff,0.0%,$113k,1,1,
99,Proud Mother Pictures,0.0%,$107k,1,0,
100,First Pond,0.0%,$101k,1,1,
101,Bloodvine Media,0.0%,$96.7k,1,1,
102,Icarus Films,0.0%,$93.0k,11,5,
103,United Entertainment Partners,0.0%,$92.7k,1,1,
104,BBC Worldwide North America,0.0%,$92.2k,2,2,
105,Holt Hamilton Films,0.0%,$91.0k,1,1,
106,"Monterey Media, Inc.",0.0%,$86.8k,12,10,
107,Image Entertainment,0.0%,$78.4k,1,1,
108,The Film Collaborative,0.0%,$78.3k,1,1,
109,Dada Films,0.0%,$75.8k,2,0,
110,Rocky Mountain Pictures,0.0%,$72.3k,1,0,
111,Vertical Entertainment,0.0%,$68.4k,1,1,
112,Epic Pictures,0.0%,$67.1k,1,1,
113,Cinema Libre,0.0%,$52.1k,3,3,
114,Netflix,0.0%,$51.0k,1,1,
115,Monument Releasing,0.0%,$49.8k,3,3,
116,Truth Aid,0.0%,$49.7k,1,1,
117,Participant Media,0.0%,$49.0k,2,2,
118,Cinema Libre Studio,0.0%,$47.9k,2,2,
119,Big World Pictures,0.0%,$40.6k,3,2,
120,Strasson Group,0.0%,$39.7k,1,1,
121,Carlotta Films,0.0%,$31.5k,1,1,
122,Archstone,0.0%,$31.2k,2,2,
123,Providence Film Partners,0.0%,$30.7k,1,1,
124,Independent,0.0%,$30.2k,1,1,
125,Screen Media,0.0%,$28.8k,2,2,
126,Vitagraph,0.0%,$26.7k,1,1,
127,American Experience Films,0.0%,$26.1k,1,0,
128,Watchman Pictures,0.0%,$22.2k,1,1,
129,Mongrel Media,0.0%,$20.5k,2,2,
130,"Bramacharia, LLC",0.0%,$20.4k,1,1,
131,Paladin,0.0%,$20.1k,1,1,
132,Wingate Distribution,0.0%,$19.0k,1,1,
133,Focus World,0.0%,$17.5k,1,1,
134,In the Light,0.0%,$17.0k,1,1,
135,Rumur Releasing,0.0%,$16.6k,1,1,
136,Plymptoons,0.0%,$15.1k,1,1,
137,Cafe Pictures,0.0%,$14.6k,1,1,
138,Fork Films,0.0%,$12.3k,1,1,
139,Under the Milky Way,0.0%,$12.2k,1,1,
140,Corinth Films,0.0%,$12.1k,1,1,
141,Future Educational Films,0.0%,$11.1k,1,0,
142,Anchor Bay Films,0.0%,$11.0k,1,1,
143,Hacienda,0.0%,$11.0k,1,1,
144,Paramount Insurge,0.0%,$10.9k,2,2,
145,Autlook Films,0.0%,$10.2k,1,1,
146,City Drive Films,0.0%,$10.0k,1,1,
147,Honorara Productions,0.0%,$7.9k,1,1,
148,Bond/360,0.0%,$7.7k,1,0,
149,Saboteur Media,0.0%,$7.4k,1,1,
150,The Vladar Company,0.0%,$5.9k,1,1,
151,Phase 4,0.0%,$5.8k,1,1,
152,Kino,0.0%,$5.7k,1,1,
153,Candy Factory,0.0%,$5.7k,1,1,
154,The Film Desk,0.0%,$5.3k,2,1,
155,Hanover Multimedia,0.0%,$5.0k,1,1,
156,The American Film Company,0.0%,$4.6k,1,1,
157,Cinema Purgatorio,0.0%,$4.3k,1,1,
158,Driving With Our Eyes Shut,0.0%,$4.2k,1,0,
159,Dark Frames,0.0%,$3.8k,1,1,
160,Postmill,0.0%,$3.7k,1,1,
161,Industrial House,0.0%,$3.3k,1,1,
162,Reel One,0.0%,$3.2k,1,1,
163,Tombstone,0.0%,$2.7k,1,1,
164,Film Desk,0.0%,$2.7k,1,1,
165,Zell-Koj Studio,0.0%,$1.7k,1,1,
166,The Ashton Times,0.0%,$0.7k,1,0,
167,Millennium Ent.,0.0%,$0.4k,1,0,
168,Area23a,0.0%,$0.3k,1,0,
169,Unknown,0.0%,$0.1k,1,1,
1,20th Century Fox,16.5%,"$1,790.5",22,17,
2,Buena Vista,14.9%,"$1,617.5",17,13,
3,Warner Bros.,14.4%,"$1,562.5",32,23,
4,Sony / Columbia,11.6%,"$1,261.5",22,19,
5,Universal,10.3%,"$1,115.3",18,14,
6,Paramount,9.7%,"$1,052.9",18,14,
7,Lionsgate,6.8%,$736.9,22,18,
8,New Line,4.4%,$480.7,6,5,
9,Weinstein Company,2.0%,$222.0,19,15,
10,Relativity,1.7%,$186.5,12,8,
11,Open Road Films,1.5%,$162.7,9,7,
12,Fox Searchlight,1.4%,$147.8,11,8,
13,Focus Features,1.2%,$126.0,12,11,
14,Freestyle Releasing,0.7%,$78.2,12,12,
15,Sony Classics,0.4%,$41.8,22,15,
16,Roadside Attractions,0.3%,$37.3,14,13,
17,IFC,0.3%,$32.7,42,38,
18,Clarius Entertainment,0.2%,$26.9,3,3,
19,UTV Communications,0.1%,$15.9,9,9,
20,CBS Films,0.1%,$14.2,5,3,
21,A24,0.1%,$13.3,10,10,
22,Radius-TWC,0.1%,$10.1,15,12,
23,IMAX,0.1%,$7.9,5,0,
24,Music Box Films,0.1%,$7.1,16,15,
25,Eros,0.1%,$6.7,13,13,
26,Purdie Distribution,0.1%,$6.6,2,1,
27,Millennium Ent.,0.1%,$5.8,5,5,
28,Cohen Media Group,0.0%,$5.3,12,12,
29,Magnolia,0.0%,$5.2,35,32,
30,Samuel Goldwyn,0.0%,$4.9,9,9,
31,National Geographic Entertainment,0.0%,$4.8,1,0,
32,Entertainment One,0.0%,$3.8,8,8,
33,China Lion,0.0%,$3.3,11,9,
34,FIP,0.0%,$3.2,2,2,
35,CJ Entertainment,0.0%,$3.1,5,5,
36,Screenvision,0.0%,$2.6,1,1,
37,Janus Films,0.0%,$2.5,2,1,
38,Saban Films,0.0%,$2.2,1,1,
39,Shorts International,0.0%,$2.2,1,1,
40,Reliance Big Pictures,0.0%,$1.7,3,3,
41,Well Go USA,0.0%,$1.6,13,13,
42,Tribeca Film,0.0%,$1.3,12,10,
43,Abramorama,0.0%,$1.2,6,6,
44,Triumph,0.0%,$1.2,1,1,
45,Drafthouse,0.0%,$1.1,12,11,
46,Ten Furlongs,0.0%,$1.1,1,1,
47,Kino Lorber,0.0%,$1.0,30,24,
48,Counterpoint Films,0.0%,$972k,1,1,
49,GKIDS,0.0%,$965k,4,4,
50,Liberty Studios,0.0%,$935k,1,1,
51,Atlas Distribution,0.0%,$847k,1,1,
52,Yash Raj,0.0%,$837k,1,0,
53,Seatzy/IMA,0.0%,$754k,1,0,
54,Zeitgeist,0.0%,$740k,8,6,
55,Strand,0.0%,$733k,14,13,
56,Future Educational Films,0.0%,$602k,1,0,
57,Oscilloscope Pictures,0.0%,$562k,8,8,
58,Adopt Films,0.0%,$559k,3,2,
59,Ocean Avenue Entertainment,0.0%,$549k,1,1,
60,Hannover House,0.0%,$543k,1,1,
61,Eleven Arts,0.0%,$474k,9,8,
62,American Experience Films,0.0%,$440k,1,1,
63,Amplify,0.0%,$431k,3,3,
64,Cinedigm Entertainment,0.0%,$417k,4,4,
65,Rialto,0.0%,$393k,12,10,
66,"Monterey Media, Inc.",0.0%,$392k,11,12,
67,Area23a,0.0%,$365k,1,1,
68,eOne Entertainment,0.0%,$355k,5,5,
69,Variance Films,0.0%,$343k,11,7,
70,Xlrator Media,0.0%,$341k,1,1,
71,Bond/360,0.0%,$337k,2,2,
72,Picturehouse (II),0.0%,$333k,1,1,
73,Ketchup Entertainment,0.0%,$325k,5,3,
74,Film Movement,0.0%,$299k,9,9,
75,JSC Entertainment,0.0%,$294k,1,1,
76,Abkco Films,0.0%,$294k,1,1,
77,International Film Circuit,0.0%,$276k,6,2,
78,Big World Pictures,0.0%,$270k,4,4,
79,First Run,0.0%,$262k,19,15,
80,Five & Two Pictures,0.0%,$248k,1,1,
81,DisruptiveLA,0.0%,$236k,1,1,
82,Long Shot Factory,0.0%,$234k,2,2,
83,Gathr Films,0.0%,$223k,3,2,
84,Proud Mother Pictures,0.0%,$203k,1,1,
85,Rocky Mountain Pictures,0.0%,$201k,4,4,
86,Zipporah Films,0.0%,$193k,2,1,
87,Distrib Films,0.0%,$172k,3,3,
88,Giant Flick,0.0%,$160k,1,1,
89,Paladin,0.0%,$143k,1,1,
90,Cinema Purgatorio,0.0%,$128k,1,1,
91,High Top Releasing,0.0%,$125k,1,1,
92,Dada Films,0.0%,$116k,3,3,
93,The Orchard,0.0%,$111k,1,1,
94,Phase 4,0.0%,$111k,2,2,
95,Saboteur Media,0.0%,$101k,1,1,
96,Walking on Water Films,0.0%,$101k,1,1,
97,Icarus Films,0.0%,$100k,8,6,
98,Submarine Deluxe,0.0%,$98.1k,4,3,
99,Alive Mind Cinema,0.0%,$96.7k,1,0,
100,Cinema Guild,0.0%,$96.7k,11,7,
101,Starz Media,0.0%,$92.7k,3,3,
102,The Film Desk,0.0%,$87.0k,8,1,
103,The Film Collaborative,0.0%,$85.8k,5,4,
104,North/South Pictures,0.0%,$82.3k,1,1,
105,Argot Pictures,0.0%,$80.5k,3,3,
106,Word Films,0.0%,$72.1k,1,1,
107,Noujaim Films,0.0%,$71.3k,1,0,
108,River Rain,0.0%,$70.1k,1,0,
109,Anchor Bay Films,0.0%,$59.0k,2,2,
110,Gravitas Ventures,0.0%,$52.9k,1,1,
111,Indican,0.0%,$52.2k,5,5,
112,Vitagraph,0.0%,$52.2k,2,2,
113,Quadratic Media,0.0%,$50.0k,1,1,
114,Spacey LTD,0.0%,$49.6k,1,1,
115,Carlotta Films,0.0%,$49.0k,3,2,
116,FilmBuff/Participant Media,0.0%,$48.9k,1,1,
117,Screen Media,0.0%,$48.7k,1,1,
118,Seatzy,0.0%,$45.4k,1,1,
119,Breaking Glass Pictures,0.0%,$38.1k,1,1,
120,APD/Cinema Conservancy,0.0%,$36.5k,5,1,
121,Define American,0.0%,$30.7k,1,1,
122,Moving Visions Entertainment,0.0%,$30.1k,1,1,
123,Providence Film Partners,0.0%,$29.7k,1,1,
124,Riot Studios,0.0%,$23.4k,1,1,
125,First Pond,0.0%,$19.5k,1,1,
126,Richmond Media Ent.,0.0%,$19.5k,1,1,
127,Leisure Time,0.0%,$18.5k,1,0,
128,Unknown,0.0%,$17.9k,2,2,
129,Kartemquin Films,0.0%,$17.3k,1,1,
130,FilmRise,0.0%,$16.9k,1,1,
131,Drive-in Doc LLC,0.0%,$15.7k,1,0,
132,Treetops Productions,0.0%,$15.6k,1,0,
133,Barking Cow Media Group,0.0%,$13.4k,1,1,
134,Revolver,0.0%,$12.6k,1,1,
135,"Touch the Wall, LLC",0.0%,$12.2k,1,1,
136,mTuckman Media,0.0%,$12.1k,1,1,
137,Outsider Pictures,0.0%,$11.6k,1,1,
138,Corinth Films,0.0%,$11.3k,1,1,
139,Shoot First Inc.,0.0%,$11.0k,1,1,
140,Parade Deck Films,0.0%,$11.0k,2,2,
141,Liberty Street Films,0.0%,$10.4k,1,0,
142,Rada Film Group,0.0%,$10.3k,1,0,
143,Old Glove Productions,0.0%,$8.5k,1,1,
144,Viva Pictures Distribution,0.0%,$8.2k,1,1,
145,Under the Milky Way,0.0%,$7.8k,2,1,
146,Cinema Libre Studio,0.0%,$7.4k,1,1,
147,Cinema Libre,0.0%,$7.4k,1,1,
148,Driving With Our Eyes Shut,0.0%,$7.4k,2,0,
149,Artmattan Prods.,0.0%,$6.5k,1,1,
150,The Film Arcade,0.0%,$6.4k,1,1,
151,KimStim,0.0%,$5.9k,1,1,
152,Shout! Factory,0.0%,$5.6k,2,2,
153,Baxter Bros.,0.0%,$5.4k,1,1,
154,EchoLight Studios,0.0%,$5.4k,1,0,
155,The Only Real Game Movie,0.0%,$5.4k,1,1,
156,The Vladar Company,0.0%,$4.7k,1,1,
157,Vertical Entertainment,0.0%,$4.3k,1,1,
158,The Ashton Times,0.0%,$4.0k,1,0,
159,Scarlet Sky Productions,0.0%,$3.6k,1,1,
160,Doppelganger Releasing,0.0%,$3.5k,2,2,
161,Brothers' Ink Productions,0.0%,$3.5k,1,1,
162,FilmDistrict,0.0%,$3.1k,1,0,
163,Velvet Films,0.0%,$3.0k,1,1,
164,Striped Entertainment,0.0%,$2.6k,1,1,
165,Fox Trail Productions,0.0%,$2.3k,1,1,
166,Follow Your Nose Films,0.0%,$1.9k,1,0,
167,Archstone,0.0%,$1.1k,1,1,
168,Phantom Pain Films,0.0%,$0.4k,1,1,
1,Warner Bros.,16.2%,"$1,863.8",35,26,
2,Buena Vista,14.9%,"$1,711.0",17,10,
3,Universal,12.4%,"$1,433.3",19,16,
4,Sony / Columbia,9.9%,"$1,144.6",20,15,
5,Lionsgate,9.3%,"$1,069.5",26,21,
6,20th Century Fox,9.2%,"$1,064.2",19,14,
7,Paramount,8.4%,$966.9,16,10,
8,New Line,5.1%,$586.3,5,4,
9,Weinstein Company,4.3%,$491.7,21,16,
10,Relativity,2.1%,$241.5,9,9,
11,FilmDistrict,1.9%,$214.9,7,5,
12,Open Road Films,1.3%,$148.2,8,7,
13,Fox Searchlight,1.0%,$114.8,11,8,
14,Focus Features,0.9%,$101.0,10,6,
15,CBS Films,0.8%,$88.0,5,5,
16,Sony Classics,0.6%,$70.2,21,16,
17,Roadside Attractions,0.4%,$44.8,12,10,
18,A24,0.2%,$27.9,5,5,
19,Eros,0.1%,$13.0,17,16,
20,IFC,0.1%,$10.7,38,38,
21,UTV Communications,0.1%,$9.6,10,10,
22,Radius-TWC,0.1%,$7.5,8,8,
23,Magnolia,0.1%,$7.2,36,34,
24,Yash Raj,0.1%,$7.2,1,1,
25,Samuel Goldwyn,0.1%,$6.6,7,5,
26,High Top Releasing,0.0%,$3.8,5,5,
27,National Geographic Entertainment,0.0%,$3.8,3,1,
28,Picturehouse (II),0.0%,$3.4,1,1,
29,Picturehouse,0.0%,$3.4,1,1,
30,Millennium Ent.,0.0%,$3.3,9,9,
31,Cohen Media Group,0.0%,$3.1,10,11,
32,IMAX,0.0%,$2.8,4,1,
33,Reliance Big Pictures,0.0%,$2.7,4,3,
34,EchoLight Studios,0.0%,$2.3,2,2,
35,Shorts International,0.0%,$2.1,1,1,
36,Music Box Films,0.0%,$1.7,10,8,
37,Gathr Films,0.0%,$1.6,1,2,
38,Cinedigm Entertainment,0.0%,$1.6,12,11,
39,Purdie Distribution,0.0%,$1.5,1,1,
40,LD Entertainment,0.0%,$1.4,1,1,
41,Entertainment One,0.0%,$1.4,9,8,
42,Zeitgeist,0.0%,$1.3,7,6,
43,Anchor Bay Films,0.0%,$1.3,14,14,
44,Arenas Entertainment,0.0%,$1.1,1,1,
45,GKIDS,0.0%,$1.0,4,3,
46,RCR Distribution,0.0%,$1.0,1,1,
47,First Run,0.0%,$978k,24,22,
48,Exclusive Media,0.0%,$973k,2,2,
49,Adopt Films,0.0%,$962k,4,2,
50,Freestyle Releasing,0.0%,$953k,8,8,
51,Kino Lorber,0.0%,$885k,31,17,
52,Variance Films,0.0%,$883k,10,10,
53,Well Go USA,0.0%,$871k,8,8,
54,International Film Circuit,0.0%,$864k,6,5,
55,The Vladar Company,0.0%,$850k,1,1,
56,CJ Entertainment,0.0%,$841k,5,3,
57,Janus Films,0.0%,$833k,2,2,
58,Cinema Guild,0.0%,$752k,13,7,
59,Callbox LLC,0.0%,$708k,1,0,
60,Drafthouse,0.0%,$694k,6,6,
61,Submarine Deluxe,0.0%,$632k,5,4,
62,Methinx Entertainment,0.0%,$550k,1,1,
63,Pan Media & Entertainment,0.0%,$516k,1,1,
64,Paramount Vantage,0.0%,$498k,1,0,
65,Oscilloscope Pictures,0.0%,$483k,10,7,
66,The Film Arcade,0.0%,$472k,4,4,
67,erbp Film,0.0%,$444k,1,1,
68,Eleven Arts,0.0%,$443k,3,2,
69,China Lion,0.0%,$439k,7,6,
70,Tribeca Film,0.0%,$402k,18,16,
71,Ketchup Entertainment,0.0%,$374k,3,3,
72,eOne Entertainment,0.0%,$340k,1,1,
73,Strand,0.0%,$314k,15,11,
74,Indomina Media,0.0%,$280k,2,1,
75,Paladin/108 Media,0.0%,$277k,3,3,
76,Rialto,0.0%,$269k,13,9,
77,Main Street Films,0.0%,$259k,1,1,
78,Abramorama,0.0%,$215k,5,4,
79,Producers Distribution Agency,0.0%,$196k,2,1,
80,Codeblack Entertainment,0.0%,$194k,1,1,
81,Alive Mind Cinema,0.0%,$193k,3,1,
82,The Film Collective,0.0%,$190k,2,2,
83,Xlrator Media,0.0%,$157k,2,2,
84,Rocky Mountain Pictures,0.0%,$152k,1,1,
85,AMC Theaters,0.0%,$145k,2,2,
86,Rada Film Group,0.0%,$136k,1,1,
87,Seatzy/IMA,0.0%,$134k,1,1,
88,Excel,0.0%,$125k,1,1,
89,Paladin/Film Buff,0.0%,$120k,1,1,
90,Gabriel's Messenger Films,0.0%,$104k,1,1,
91,MPI Media Group,0.0%,$102k,1,1,
92,Janson Media,0.0%,$100k,1,1,
93,Waking Giants,0.0%,$90.1k,1,1,
94,Distrib Films,0.0%,$86.7k,3,3,
95,"Monterey Media, Inc.",0.0%,$84.8k,4,7,
96,Image Entertainment,0.0%,$80.6k,1,1,
97,Prabhudheva,0.0%,$80.1k,1,1,
98,Onyx Films,0.0%,$79.6k,1,0,
99,Liberty Street Films,0.0%,$77.6k,1,1,
100,The Film Collaborative,0.0%,$71.1k,2,2,
101,Area23a,0.0%,$68.3k,5,4,
102,Snagfilms,0.0%,$63.8k,1,0,
103,APD/Cinema Conservancy,0.0%,$55.6k,4,3,
104,Screen Media,0.0%,$55.3k,1,2,
105,River Rain,0.0%,$54.5k,1,1,
106,Armando Montelongo Productions,0.0%,$54.2k,1,1,
107,Indican,0.0%,$53.1k,5,3,
108,Noujaim Films,0.0%,$53.0k,1,1,
109,Film Movement,0.0%,$51.2k,6,4,
110,Brainstorm Media,0.0%,$48.8k,2,2,
111,Icarus Films,0.0%,$47.1k,2,1,
112,Le Petit Canyon,0.0%,$46.4k,1,1,
113,Wolfe Releasing,0.0%,$45.5k,1,1,
114,Lambert Releasing,0.0%,$45.0k,1,1,
115,Rockstone Releasing,0.0%,$41.5k,1,1,
116,Page 124 Productions,0.0%,$41.1k,1,0,
117,House Lights Media,0.0%,$40.6k,1,1,
118,Leisure Time,0.0%,$39.6k,1,1,
119,Fine Line Media,0.0%,$38.9k,1,1,
120,Drive-in Doc LLC,0.0%,$36.8k,1,1,
121,The Film Desk,0.0%,$35.4k,11,2,
122,Vitagraph,0.0%,$34.4k,2,2,
123,Active Fox Productions,0.0%,$33.0k,2,2,
124,Long Shot Factory,0.0%,$30.9k,1,0,
125,Cinipix,0.0%,$29.9k,1,1,
126,Carlotta Films,0.0%,$27.7k,1,1,
127,FilmBuff,0.0%,$27.6k,1,1,
128,Driving With Our Eyes Shut,0.0%,$27.0k,4,2,
129,Breaking Glass Pictures,0.0%,$27.0k,1,1,
130,Doppelganger Releasing,0.0%,$27.0k,3,3,
131,Zipporah Films,0.0%,$26.5k,1,1,
132,Steelyard Pictures,0.0%,$25.0k,1,1,
133,"Ghosts Media, Inc.",0.0%,$20.7k,1,1,
134,GoGoGo Entertainment,0.0%,$19.9k,1,1,
135,Striped Entertainment,0.0%,$19.8k,3,3,
136,NoCoast Artists,0.0%,$19.5k,1,1,
137,AFFRM,0.0%,$18.3k,2,2,
138,Dada Films,0.0%,$17.7k,1,1,
139,Follow Your Nose Films,0.0%,$16.7k,1,1,
140,Argot Pictures,0.0%,$16.4k,4,3,
141,Loki Films,0.0%,$14.4k,1,0,
142,Content Media,0.0%,$14.4k,1,1,
143,ATO Pictures,0.0%,$13.5k,1,1,
144,Archstone,0.0%,$13.3k,2,2,
145,Leave It Better,0.0%,$10.7k,1,1,
146,Bonfire Films of America,0.0%,$10.6k,1,1,
147,Starz Media,0.0%,$10.4k,1,1,
148,Vanguardia Films,0.0%,$9.3k,1,1,
149,The Ashton Times,0.0%,$9.3k,1,1,
150,The Happy Sad LLC,0.0%,$8.4k,1,1,
151,Gold Cap Films,0.0%,$7.4k,1,1,
152,KimStim,0.0%,$6.9k,1,1,
153,Unknown,0.0%,$6.5k,2,3,
154,Paladin,0.0%,$5.8k,1,1,
155,Under the Milky Way,0.0%,$4.2k,1,1,
156,Cinema Libre Studio,0.0%,$3.4k,1,1,
157,Cinema Purgatorio,0.0%,$3.3k,1,1,
158,IM Global/Blumhouse,0.0%,$3.1k,1,1,
159,Cinema Libre,0.0%,$3.0k,1,1,
160,Reactor 88 Studios,0.0%,$2.2k,1,1,
161,AfterLight,0.0%,$2.2k,2,2,
162,Palisades Tartan,0.0%,$1.6k,1,0,
163,Blue Llama,0.0%,$1.1k,1,1,
164,Wind Pixie,0.0%,$0.2k,1,0,
1,Sony / Columbia,16.1%,"$1,792.2",25,19,
2,Warner Bros.,14.9%,"$1,665.4",36,24,
3,Buena Vista,13.9%,"$1,551.4",18,13,
4,Universal,11.9%,"$1,323.9",17,16,
5,Lionsgate,11.1%,"$1,239.1",22,22,
6,20th Century Fox,9.2%,"$1,025.4",19,15,
7,Paramount,8.2%,$914.4,21,14,
8,New Line,3.0%,$332.4,2,2,
9,Weinstein Company,2.3%,$258.2,18,15,
10,Relativity,1.8%,$202.4,6,5,
11,Focus Features,1.3%,$144.6,10,8,
12,Open Road Films,1.2%,$136.4,5,5,
13,Fox Searchlight,1.1%,$117.8,10,7,
14,CBS Films,0.8%,$89.9,4,4,
15,FilmDistrict,0.7%,$75.0,6,4,
16,Sony Classics,0.4%,$50.0,24,16,
17,Rocky Mountain Pictures,0.3%,$37.4,8,8,
18,Roadside Attractions,0.2%,$19.4,11,10,
19,Magnolia,0.1%,$16.5,37,32,
20,Summit Entertainment,0.1%,$16.2,2,0,
21,Eros,0.1%,$14.0,16,16,
22,IFC,0.1%,$13.8,38,37,
23,Millennium Ent.,0.1%,$11.3,9,9,
24,Samuel Goldwyn,0.1%,$9.7,9,9,
25,Arc Entertainment,0.1%,$9.2,3,3,
26,LD Entertainment,0.1%,$8.8,2,2,
27,UTV Communications,0.1%,$6.5,15,15,
28,Yash Raj,0.0%,$5.4,3,3,
29,Oscilloscope Pictures,0.0%,$5.1,9,8,
30,Paramount Vantage,0.0%,$4.4,3,2,
31,National Geographic Entertainment,0.0%,$4.0,1,1,
32,Music Box Films,0.0%,$3.9,17,11,
33,Reliance Big Pictures,0.0%,$3.6,2,1,
34,Cohen Media Group,0.0%,$3.5,5,6,
35,Atlas Distribution,0.0%,$3.3,1,1,
36,3D Entertainment,0.0%,$2.9,2,1,
37,IMAX,0.0%,$2.3,4,0,
38,Entertainment One,0.0%,$2.2,7,7,
39,Indomina Media,0.0%,$1.9,4,4,
40,Branded/Peck Ent.,0.0%,$1.8,1,1,
41,Shorts International,0.0%,$1.7,1,1,
42,China Lion,0.0%,$1.7,12,12,
43,ATO Pictures,0.0%,$1.3,4,4,
44,CJ Entertainment,0.0%,$1.3,3,3,
45,Kino Lorber,0.0%,$1.2,23,20,
46,FIP,0.0%,$1.2,1,1,
47,Codeblack Entertainment,0.0%,$1.2,1,1,
48,Kenn Viselman Presents,0.0%,$1.1,1,1,
49,Veracity,0.0%,$1.0,1,1,
50,Anchor Bay Films,0.0%,$997k,7,7,
51,Well Go USA,0.0%,$937k,5,5,
52,Submarine Deluxe,0.0%,$863k,4,2,
53,Variance Films,0.0%,$827k,11,6,
54,Page 124 Productions,0.0%,$769k,1,1,
55,Nocturnal Features,0.0%,$763k,5,5,
56,Strand,0.0%,$746k,18,16,
57,GKIDS,0.0%,$678k,4,4,
58,Radius-TWC,0.0%,$649k,5,5,
59,Zeitgeist,0.0%,$620k,6,5,
60,Producers Distribution Agency,0.0%,$479k,3,2,
61,Arenas Entertainment,0.0%,$451k,1,0,
62,Cinema Guild,0.0%,$419k,11,9,
63,International Film Circuit,0.0%,$411k,7,5,
64,First Run,0.0%,$398k,24,19,
65,Wrekin Hill,0.0%,$382k,3,3,
66,Loki Films,0.0%,$376k,1,1,
67,MPI Media Group,0.0%,$364k,2,2,
68,Tribeca Film,0.0%,$343k,12,12,
69,Drafthouse,0.0%,$340k,5,5,
70,Eleven Arts,0.0%,$311k,2,2,
71,Adopt Films,0.0%,$306k,2,2,
72,Rialto,0.0%,$303k,7,7,
73,Callbox LLC,0.0%,$289k,1,1,
74,The Film Arcade,0.0%,$286k,2,2,
75,Paladin/Unison,0.0%,$256k,1,1,
76,Long Shot Factory,0.0%,$251k,4,2,
77,AFFRM,0.0%,$245k,2,2,
78,Janus Films,0.0%,$244k,3,2,
79,Abramorama,0.0%,$219k,2,2,
80,Area23a,0.0%,$215k,5,4,
81,ArtAffects,0.0%,$178k,1,1,
82,Cinedigm/Brian&Barrett,0.0%,$172k,1,1,
83,Brainstorm and Double Hope,0.0%,$166k,1,1,
84,Dada Films,0.0%,$161k,5,3,
85,Zipporah Films,0.0%,$158k,1,1,
86,New Yorker,0.0%,$158k,2,2,
87,Indican,0.0%,$157k,12,9,
88,Film Movement,0.0%,$126k,8,7,
89,Screen Media,0.0%,$117k,2,2,
90,Paladin,0.0%,$114k,4,3,
91,Freestyle Releasing,0.0%,$106k,3,3,
92,Alive Mind Cinema,0.0%,$104k,6,2,
93,PMK*BNC,0.0%,$104k,2,2,
94,In the Family,0.0%,$102k,1,0,
95,The Film Desk,0.0%,$99.7k,12,3,
96,Sycamore,0.0%,$83.6k,1,1,
97,Cinedigm Entertainment,0.0%,$82.2k,3,3,
98,Palisades Tartan,0.0%,$75.5k,1,1,
99,"Monterey Media, Inc.",0.0%,$74.0k,6,6,
100,Hannover House,0.0%,$73.2k,2,1,
101,Snagfilms,0.0%,$61.7k,2,2,
102,Tyscot Manhaddon & Releve,0.0%,$54.0k,1,1,
103,Flicker Alley,0.0%,$53.0k,1,1,
104,S2BN Films,0.0%,$47.7k,1,1,
105,Outsider Films,0.0%,$47.0k,2,2,
106,Fisher-Klingenstein Films,0.0%,$43.6k,1,1,
107,Kino Classics,0.0%,$41.5k,2,0,
108,Slater Brothers,0.0%,$36.5k,2,2,
109,NeoClassics Films,0.0%,$35.7k,1,1,
110,Brainstorm Media,0.0%,$33.1k,2,2,
111,Cinema Libre Studio,0.0%,$32.4k,2,2,
112,Joules Films,0.0%,$30.7k,1,1,
113,Image Entertainment,0.0%,$27.3k,2,2,
114,House Lights Media,0.0%,$25.7k,2,2,
115,APD/Cinema Conservancy,0.0%,$25.4k,2,2,
116,Cinema Conservancy,0.0%,$24.7k,2,2,
117,Red Flag Releasing,0.0%,$23.0k,2,2,
118,Icarus Films,0.0%,$22.8k,8,5,
119,The Film Collaborative,0.0%,$22.7k,2,2,
120,Better Than Something,0.0%,$21.7k,1,1,
121,Pasidg Productions,0.0%,$21.6k,1,1,
122,KKM,0.0%,$20.5k,1,0,
123,Truly Indie,0.0%,$19.1k,2,2,
124,Unknown,0.0%,$18.9k,1,1,
125,Argot Pictures,0.0%,$18.8k,2,2,
126,Gigapix Releasing,0.0%,$18.2k,1,1,
127,Outsider Pictures,0.0%,$18.0k,1,1,
128,Dutchmen Films,0.0%,$16.0k,1,1,
129,GoDigital,0.0%,$14.6k,1,1,
130,Epic Pictures,0.0%,$14.4k,1,1,
131,Secret Identity,0.0%,$14.1k,1,1,
132,Datari Turner Productions,0.0%,$13.5k,1,1,
133,7A Productions,0.0%,$13.1k,1,1,
134,Pro-Motion Pictures,0.0%,$9.0k,1,1,
135,Pelican House,0.0%,$8.6k,1,1,
136,Transparent/Outerstratosphere,0.0%,$6.1k,1,1,
137,Cinema Purgatorio,0.0%,$6.1k,1,0,
138,Docurama Films,0.0%,$6.0k,1,0,
139,Driving With Our Eyes Shut,0.0%,$5.5k,1,0,
140,Shotown Pictures,0.0%,$4.8k,1,0,
141,Corinth/TV360,0.0%,$3.8k,1,1,
142,Gravity Arch,0.0%,$3.7k,1,1,
143,Breaking Glass Pictures,0.0%,$3.2k,1,1,
144,AfterLight,0.0%,$2.6k,1,1,
145,Cortelyou Films,0.0%,$2.2k,1,1,
146,Worldplay,0.0%,$2.1k,1,0,
147,Found-Charger Cinema,0.0%,$2.1k,2,1,
148,Cinema Libre,0.0%,$2.0k,1,0,
149,Feature Presentations Releasing,0.0%,$2.0k,1,1,
150,KimStim/Zeitgeist Films,0.0%,$1.4k,1,1,
151,Kino,0.0%,$0.7k,1,0,
152,Wind Pixie,0.0%,$0.1k,1,0,
1,Paramount,19.2%,"$1,957.1",21,15,
2,Warner Bros.,17.9%,"$1,826.2",38,26,
3,Sony / Columbia,12.5%,"$1,273.7",28,23,
4,Buena Vista,12.2%,"$1,240.7",17,14,
5,Universal,10.2%,"$1,040.6",17,15,
6,20th Century Fox,9.6%,$977.9,19,15,
7,Summit Entertainment,4.0%,$411.6,10,8,
8,Weinstein Company,2.9%,$296.1,17,15,
9,Relativity,2.2%,$228.1,8,7,
10,Lionsgate,1.8%,$184.0,15,12,
11,Fox Searchlight,1.5%,$152.4,13,11,
12,Focus Features,1.2%,$126.9,9,8,
13,FilmDistrict,1.2%,$126.0,5,5,
14,Sony Classics,0.9%,$90.2,25,17,
15,CBS Films,0.6%,$57.4,3,2,
16,Roadside Attractions,0.3%,$28.0,14,12,
17,Open Road Films,0.2%,$25.1,1,1,
18,IFC,0.2%,$17.6,45,41,
19,Eros,0.1%,$11.2,14,14,
20,Codeblack Entertainment,0.1%,$7.7,1,1,
21,Magnolia,0.1%,$7.7,29,26,
22,Samuel Goldwyn,0.1%,$6.5,8,8,
23,Reliance Big Pictures,0.1%,$6.3,5,5,
24,Producers Distribution Agency,0.1%,$5.8,2,2,
25,Rocky Mountain Pictures,0.0%,$5.0,3,3,
26,3D Entertainment,0.0%,$4.5,1,0,
27,Visio Entertainment,0.0%,$4.4,1,1,
28,Music Box Films,0.0%,$4.1,16,11,
29,UTV Communications,0.0%,$3.5,10,9,
30,Paramount Vantage,0.0%,$3.4,1,1,
31,Newmarket,0.0%,$2.7,1,1,
32,IMAX,0.0%,$2.6,4,0,
33,Zeitgeist,0.0%,$2.3,6,5,
34,National Geographic Entertainment,0.0%,$1.9,8,6,
35,Quaker Media,0.0%,$1.9,1,1,
36,Paladin,0.0%,$1.8,6,6,
37,Anchor Bay Films,0.0%,$1.6,9,9,
38,Freestyle Releasing,0.0%,$1.6,7,7,
39,ATO Pictures,0.0%,$1.5,2,1,
40,Oscilloscope Pictures,0.0%,$1.4,10,7,
41,Shorts International,0.0%,$1.4,1,1,
42,International Film Circuit,0.0%,$1.3,7,5,
43,Omni Lab/Freestyle Releasing,0.0%,$1.2,1,1,
44,SModcast Pictures,0.0%,$1.1,1,1,
45,First Run,0.0%,$1.0,17,15,
46,Variance Films,0.0%,$1.0,16,14,
47,Abramorama,0.0%,$995k,3,3,
48,Strand,0.0%,$971k,18,14,
49,China Lion,0.0%,$818k,11,9,
50,Cohen Media Group,0.0%,$810k,2,3,
51,Pascack Media,0.0%,$740k,1,1,
52,NeoClassics Films,0.0%,$708k,1,1,
53,Kino,0.0%,$663k,6,4,
54,KKM,0.0%,$535k,1,1,
55,Vitagraph,0.0%,$521k,2,2,
56,Bubble Distribution,0.0%,$509k,1,1,
57,Yash Raj,0.0%,$496k,1,1,
58,Nocturnal Features,0.0%,$471k,4,4,
59,Indomina Media,0.0%,$460k,1,1,
60,Cinema Guild,0.0%,$433k,7,4,
61,CanZion Films,0.0%,$423k,1,0,
62,Hannover House,0.0%,$418k,3,3,
63,Wrekin Hill,0.0%,$383k,1,1,
64,Janus Films,0.0%,$375k,2,1,
65,Peace Film,0.0%,$369k,1,1,
66,Lorber Films,0.0%,$352k,13,9,
67,Screen Media,0.0%,$343k,5,5,
68,Alive Mind Cinema,0.0%,$319k,6,6,
69,Area23a,0.0%,$313k,3,3,
70,Kino Classics,0.0%,$309k,3,3,
71,Image Entertainment,0.0%,$301k,4,4,
72,Rialto,0.0%,$256k,4,4,
73,CJ Entertainment,0.0%,$251k,1,1,
74,Submarine Deluxe,0.0%,$249k,2,2,
75,Five & Two Pictures,0.0%,$247k,2,1,
76,Dada Films,0.0%,$233k,3,3,
77,Millennium Ent.,0.0%,$213k,3,3,
78,Eleven Arts,0.0%,$196k,2,2,
79,AFFRM,0.0%,$171k,2,2,
80,Unknown,0.0%,$159k,4,3,
81,Icarus Films,0.0%,$156k,2,2,
82,Motion Film Group,0.0%,$149k,1,1,
83,The Film Desk,0.0%,$148k,11,5,
84,New Yorker,0.0%,$131k,2,1,
85,Tribeca Film,0.0%,$130k,3,3,
86,Cinema Purgatorio,0.0%,$126k,5,2,
87,Phase 4,0.0%,$123k,4,4,
88,Arc Entertainment,0.0%,$116k,1,1,
89,Insurgent Releasing,0.0%,$116k,1,1,
90,Film Movement,0.0%,$112k,9,7,
91,Moving Pictures,0.0%,$103k,1,1,
92,"Monterey Media, Inc.",0.0%,$98.7k,4,4,
93,Balcony Releasing,0.0%,$97.6k,4,2,
94,Full Moon Pictures,0.0%,$91.3k,1,1,
95,GKIDS,0.0%,$88.4k,2,1,
96,Truly Indie,0.0%,$86.2k,3,3,
97,Arthouse Films,0.0%,$85.9k,1,0,
98,Saint Juste,0.0%,$84.9k,1,0,
99,Drafthouse,0.0%,$70.3k,1,0,
100,Life Sentence Films/mTuckman Media,0.0%,$60.3k,1,1,
101,Indican,0.0%,$59.8k,6,3,
102,Cinedigm Entertainment,0.0%,$57.1k,2,2,
103,Kristin Marie Productions,0.0%,$56.6k,1,1,
104,Argot Pictures,0.0%,$56.6k,3,2,
105,Miramax,0.0%,$54.3k,1,0,
106,Long Shot Factory,0.0%,$53.7k,1,2,
107,The Film Collaborative,0.0%,$52.9k,1,0,
108,Rocket Releasing,0.0%,$50.1k,2,2,
109,Kino Lorber,0.0%,$46.5k,3,3,
110,Crimson Films/PMK*BNC,0.0%,$43.7k,1,1,
111,B.D. Fox,0.0%,$41.9k,1,1,
112,Shotown Pictures,0.0%,$40.4k,1,1,
113,108 Pics,0.0%,$35.1k,1,1,
114,Docurama Films,0.0%,$34.6k,1,1,
115,Corinth Films,0.0%,$34.1k,1,1,
116,Category One,0.0%,$27.0k,1,1,
117,The World According to Shorts,0.0%,$23.2k,1,0,
118,Olive Films,0.0%,$19.6k,1,1,
119,CrowdStarter,0.0%,$19.1k,1,1,
120,Wolfe Releasing,0.0%,$19.0k,1,0,
121,Rumur Releasing,0.0%,$18.0k,1,1,
122,Alpha Galore,0.0%,$15.8k,1,1,
123,Clay Way Media,0.0%,$15.3k,1,0,
124,FilmDemic,0.0%,$15.0k,1,1,
125,Maya Entertainment,0.0%,$13.8k,1,1,
126,Tostie Productions,0.0%,$13.1k,1,1,
127,PMK*BNC,0.0%,$12.4k,1,1,
128,Fisher-Klingenstein Films,0.0%,$12.1k,1,1,
129,Bigfoot Ascendant,0.0%,$12.0k,1,1,
130,Check Entertainment,0.0%,$11.0k,1,1,
131,CAVU,0.0%,$9.6k,1,1,
132,Worldplay,0.0%,$9.5k,1,0,
133,Entertainment One,0.0%,$6.0k,1,1,
134,Cinema Libre Studio,0.0%,$5.5k,2,2,
135,Driving With Our Eyes Shut,0.0%,$5.3k,2,1,
136,Kinobild Releasing,0.0%,$5.2k,1,1,
137,Cinema Libre,0.0%,$5.2k,1,1,
138,Extra Butter,0.0%,$4.0k,1,1,
139,The Nobelity Project,0.0%,$3.5k,1,1,
140,AfterLight,0.0%,$2.8k,1,1,
141,Embrem Entertainment,0.0%,$1.7k,1,0,
142,Blackrock Films,0.0%,$1.5k,1,1,
143,Flicker Alley,0.0%,$1.2k,1,0,
144,Trillian,0.0%,$1.1k,1,0,
145,Breaking Glass Pictures,0.0%,$1.0k,1,1,
146,Wind Pixie,0.0%,$0.7k,1,0,
147,Found-Charger Cinema,0.0%,$0.3k,1,1,
1,Warner Bros.,18.0%,"$1,923.9",36,27,
2,Paramount,16.0%,"$1,713.8",18,14,
3,20th Century Fox,13.9%,"$1,482.2",20,17,
4,Buena Vista,13.6%,"$1,456.4",17,14,
5,Sony / Columbia,12.0%,"$1,282.9",23,18,
6,Universal,8.3%,$882.0,18,15,
7,Summit Entertainment,4.9%,$523.2,11,8,
8,Lionsgate,4.8%,$516.1,16,14,
9,Fox Searchlight,1.4%,$152.6,10,8,
10,New Line,1.0%,$110.5,1,1,
11,Overture Films,0.8%,$81.8,7,5,
12,Weinstein Company,0.8%,$80.6,10,7,
13,Focus Features,0.7%,$74.9,8,6,
14,CBS Films,0.7%,$72.4,3,3,
15,Sony Classics,0.6%,$62.9,26,20,
16,MGM/UA,0.5%,$50.3,1,1,
17,Miramax,0.3%,$28.0,2,2,
18,Music Box Films,0.2%,$24.4,11,8,
19,Paramount Vantage,0.2%,$20.4,3,3,
20,Apparition,0.1%,$13.4,4,2,
21,Anchor Bay Films,0.1%,$11.7,8,7,
22,Samuel Goldwyn,0.1%,$11.1,7,7,
23,Roadside Attractions,0.1%,$9.9,15,9,
24,IFC,0.1%,$9.7,37,36,
25,Magnolia,0.1%,$9.0,25,24,
26,Eros,0.1%,$6.1,8,8,
27,Reliance Big Pictures,0.1%,$6.1,5,4,
28,UTV Communications,0.1%,$5.9,8,8,
29,Relativity,0.1%,$5.6,1,1,
30,IMAX,0.0%,$4.6,3,0,
31,Freestyle Releasing,0.0%,$4.1,11,8,
32,Producers Distribution Agency,0.0%,$3.3,1,1,
33,Rogue Pictures,0.0%,$3.2,1,1,
34,National Geographic Entertainment,0.0%,$3.0,5,2,
35,Vivendi Entertainment,0.0%,$2.8,1,1,
36,Oscilloscope Pictures,0.0%,$1.9,10,9,
37,Screen Media,0.0%,$1.9,4,3,
38,Zeitgeist,0.0%,$1.5,7,5,
39,Kino,0.0%,$1.5,7,7,
40,Bluff City Films,0.0%,$1.4,1,1,
41,First Run,0.0%,$1.1,18,15,
42,IndustryWorks,0.0%,$1.0,1,1,
43,Shorts International,0.0%,$1.0,1,1,
44,Newmarket,0.0%,$961k,2,2,
45,Five & Two Pictures,0.0%,$954k,2,1,
46,Lorber Films,0.0%,$850k,12,10,
47,GKIDS,0.0%,$686k,2,2,
48,Indican,0.0%,$675k,13,11,
49,Strand,0.0%,$539k,18,14,
50,Rocky Mountain Pictures,0.0%,$532k,1,1,
51,CJ Entertainment,0.0%,$528k,1,1,
52,8X Entertainment,0.0%,$515k,1,1,
53,CanZion Films,0.0%,$492k,1,1,
54,Rialto,0.0%,$488k,2,2,
55,Cinema Guild,0.0%,$478k,8,5,
56,3D Entertainment,0.0%,$469k,1,1,
57,Variance Films,0.0%,$426k,8,6,
58,Unknown,0.0%,$417k,6,3,
59,Vitagraph,0.0%,$403k,3,3,
60,First Look,0.0%,$386k,3,2,
61,Abramorama,0.0%,$367k,3,3,
62,China Lion,0.0%,$365k,2,2,
63,Arthouse Films,0.0%,$358k,2,2,
64,Blue Collar Releasing,0.0%,$353k,1,1,
65,First Independent Pictures,0.0%,$307k,2,1,
66,Paladin,0.0%,$276k,5,5,
67,Hannover House,0.0%,$249k,2,2,
68,Drafthouse,0.0%,$234k,1,1,
69,Parallel Media,0.0%,$224k,1,1,
70,Cinema Libre,0.0%,$218k,3,2,
71,Cinema Libre Studio,0.0%,$218k,3,2,
72,International Film Circuit,0.0%,$217k,4,3,
73,7-57 Releasing,0.0%,$211k,1,1,
74,Zipporah Films,0.0%,$204k,2,1,
75,Janus Films,0.0%,$193k,1,1,
76,Flashlight,0.0%,$189k,1,1,
77,ATO Pictures,0.0%,$179k,1,1,
78,JS Media & Entertainment,0.0%,$177k,1,1,
79,Balcony Releasing,0.0%,$171k,3,3,
80,"Monterey Media, Inc.",0.0%,$168k,4,2,
81,New Yorker,0.0%,$148k,1,1,
82,The Film Desk,0.0%,$146k,8,3,
83,New Films Cinema,0.0%,$139k,1,1,
84,eOne Entertainment,0.0%,$138k,1,1,
85,CFI Releasing,0.0%,$116k,1,1,
86,Argot Pictures,0.0%,$109k,3,3,
87,Cinema Purgatorio,0.0%,$108k,7,7,
88,Worldplay,0.0%,$107k,1,1,
89,Four of a Kind,0.0%,$107k,1,1,
90,IndieVest Pictures,0.0%,$103k,1,1,
91,Red Flag Releasing,0.0%,$100k,1,1,
92,Regent Releasing,0.0%,$98.5k,15,9,
93,Elephant Eye Films,0.0%,$90.4k,1,0,
94,Moving Pictures Institute,0.0%,$87.8k,1,1,
95,Mangusta Productions,0.0%,$80.6k,2,2,
96,,0.0%,$79.2k,8,0,
97,Film Movement,0.0%,$73.8k,4,4,
98,Shadow Dist.,0.0%,$66.8k,5,2,
99,Sky Island Films,0.0%,$64.8k,1,0,
100,Truly Indie,0.0%,$62.1k,2,2,
101,The Film Collaborative,0.0%,$55.8k,1,1,
102,Wolfe Releasing,0.0%,$55.8k,1,1,
103,Walking Shadows,0.0%,$54.6k,1,1,
104,Eleven Arts,0.0%,$54.5k,1,1,
105,Nocturnal Features,0.0%,$53.3k,1,1,
106,Image Entertainment,0.0%,$52.8k,2,2,
107,Grassroots Films,0.0%,$52.3k,1,1,
108,Darius Films,0.0%,$44.5k,1,1,
109,Yash Raj,0.0%,$43.8k,1,1,
110,Milestone,0.0%,$41.8k,1,1,
111,Phase 4,0.0%,$33.4k,3,3,
112,International WOW,0.0%,$30.8k,1,1,
113,Morning Star,0.0%,$30.2k,1,1,
114,MAC Releasing,0.0%,$29.7k,1,1,
115,New American Vision,0.0%,$26.3k,1,1,
116,Ripple Effect Inc.,0.0%,$25.1k,1,1,
117,Flicker Alley,0.0%,$24.3k,1,1,
118,Olive Films,0.0%,$23.6k,4,4,
119,Cabin Films,0.0%,$22.5k,1,1,
120,Mountain Top Releasing,0.0%,$19.8k,1,1,
121,People Pictures,0.0%,$19.1k,1,1,
122,Artigo/Ajemian,0.0%,$15.6k,1,1,
123,Delaware Pictures,0.0%,$15.5k,1,1,
124,The World According to Shorts,0.0%,$15.2k,1,1,
125,All Rise Films,0.0%,$14.5k,1,1,
126,MPI Media Group,0.0%,$13.5k,1,1,
127,Area23a,0.0%,$13.0k,1,1,
128,Dada Films,0.0%,$11.7k,1,1,
129,Embrem Entertainment,0.0%,$11.6k,1,1,
130,Peaches Christ,0.0%,$8.0k,1,1,
131,Real Bean,0.0%,$7.1k,1,1,
132,TLA Releasing,0.0%,$6.0k,1,1,
133,Winter Star,0.0%,$5.7k,1,1,
134,Rockstone Releasing,0.0%,$5.2k,1,1,
135,Saint Juste,0.0%,$4.6k,1,1,
136,North Poplar Pictures,0.0%,$3.8k,1,1,
137,Wind Pixie,0.0%,$2.5k,1,1,
138,Reel Diva Consultants,0.0%,$2.0k,1,1,
139,Clay Way Media,0.0%,$1.6k,1,1,
140,Driving With Our Eyes Shut,0.0%,$1.5k,1,1,
141,Seven Arts Distribution,0.0%,$0.9k,1,1,
142,Trillian,0.0%,$0.1k,1,1,
1,Warner Bros.,19.7%,"$2,105.7",37,28,
2,Paramount,13.8%,"$1,476.1",16,13,
3,Sony / Columbia,13.6%,"$1,456.2",24,21,
4,20th Century Fox,13.1%,"$1,394.5",21,16,
5,Buena Vista,11.5%,"$1,228.8",24,18,
6,Universal,8.3%,$890.3,21,17,
7,Summit Entertainment,4.5%,$482.5,11,9,
8,Lionsgate,3.8%,$406.0,14,12,
9,Fox Searchlight,2.4%,$257.1,12,9,
10,Weinstein Company,1.9%,$205.3,10,8,
11,Focus Features,1.5%,$161.5,10,9,
12,Overture Films,1.5%,$157.8,8,6,
13,Paramount Vantage,0.6%,$66.4,5,3,
14,MGM/UA,0.6%,$65.2,5,1,
15,Miramax,0.6%,$61.9,8,5,
16,New Line,0.5%,$49.2,1,1,
17,Sony Classics,0.5%,$48.7,27,20,
18,Rogue Pictures,0.2%,$23.1,1,1,
19,Apparition,0.2%,$16.5,4,4,
20,Freestyle Releasing,0.1%,$12.7,7,6,
21,Magnolia,0.1%,$12.6,28,25,
22,Roadside Attractions,0.1%,$11.3,13,11,
23,IFC,0.1%,$10.5,30,25,
24,IMAX,0.1%,$8.0,5,0,
25,Eros,0.1%,$6.2,6,6,
26,UTV Communications,0.0%,$4.1,8,8,
27,Samuel Goldwyn,0.0%,$3.8,9,8,
28,National Geographic Entertainment,0.0%,$3.6,3,1,
29,Reliance Big Pictures,0.0%,$3.3,1,1,
30,Regent Releasing,0.0%,$2.6,18,11,
31,3D Entertainment,0.0%,$2.0,1,0,
32,Story Island Entertainment,0.0%,$2.0,1,1,
33,Oscilloscope Pictures,0.0%,$2.0,7,6,
34,Yash Raj,0.0%,$1.9,4,3,
35,Truly Indie,0.0%,$1.8,5,5,
36,Music Box Films,0.0%,$1.8,5,4,
37,Vivendi Entertainment,0.0%,$1.6,3,3,
38,First Look,0.0%,$1.4,1,1,
39,AdLabs,0.0%,$1.4,8,7,
40,International Film Circuit,0.0%,$1.3,4,4,
41,Five & Two Pictures,0.0%,$1.2,1,1,
42,Indican,0.0%,$1.1,6,5,
43,Slowhand Cinema,0.0%,$872k,4,4,
44,Zeitgeist,0.0%,$810k,12,9,
45,Screen Media,0.0%,$801k,7,7,
46,8X Entertainment,0.0%,$742k,1,1,
47,Strand,0.0%,$740k,15,12,
48,Abramorama,0.0%,$727k,4,4,
49,After Dark Films,0.0%,$666k,1,1,
50,Studio 18,0.0%,$660k,4,4,
51,Shorts International,0.0%,$645k,1,1,
52,Vitagraph,0.0%,$523k,2,2,
53,Cinema Guild,0.0%,$523k,8,5,
54,American Zoetrope,0.0%,$519k,1,1,
55,First Run,0.0%,$488k,16,13,
56,Elephant Eye Films,0.0%,$486k,1,1,
57,Shadow Dist.,0.0%,$479k,4,4,
58,Anchor Bay Films,0.0%,$473k,8,8,
59,,0.0%,$404k,8,8,
60,Full Circle Releasing,0.0%,$398k,1,1,
61,Zipporah Films,0.0%,$395k,1,1,
62,Liberation Entertainment,0.0%,$352k,2,1,
63,Variance Films,0.0%,$338k,6,6,
64,First Independent Pictures,0.0%,$336k,3,2,
65,Janus Films,0.0%,$318k,2,1,
66,Cinedigm Entertainment,0.0%,$315k,3,3,
67,Kino,0.0%,$307k,7,3,
68,Senator Distribution,0.0%,$300k,1,1,
69,Arthouse Films,0.0%,$293k,3,3,
70,Rialto,0.0%,$287k,5,4,
71,Balcony Releasing,0.0%,$269k,3,1,
72,Argot Pictures,0.0%,$228k,4,4,
73,Big Pictures,0.0%,$199k,1,1,
74,Unknown,0.0%,$176k,6,5,
75,Third Rail Releasing,0.0%,$175k,2,2,
76,Image Entertainment,0.0%,$168k,2,2,
77,Variance / Everest,0.0%,$164k,1,1,
78,Koch Lorber Films,0.0%,$164k,2,2,
79,"Monterey Media, Inc.",0.0%,$164k,10,9,
80,Maya Entertainment,0.0%,$162k,5,4,
81,Peace Arch Entertainment,0.0%,$142k,3,2,
82,The Film Desk,0.0%,$136k,7,4,
83,Hannover House,0.0%,$124k,1,1,
84,Empire Film Group,0.0%,$124k,1,1,
85,Eleven Arts,0.0%,$113k,2,2,
86,Paladin,0.0%,$86.1k,2,2,
87,Lorber Films,0.0%,$82.1k,4,4,
88,Palisades Tartan,0.0%,$81.6k,2,2,
89,Cinema Libre,0.0%,$65.0k,4,3,
90,Cinema Libre Studio,0.0%,$65.0k,4,3,
91,Mitropoulos Films,0.0%,$63.4k,2,2,
92,Emerging Pictures,0.0%,$54.5k,1,1,
93,Audience Alliance,0.0%,$54.1k,1,1,
94,21st Century Film Production,0.0%,$50.1k,1,1,
95,Sky Island Films,0.0%,$47.6k,1,1,
96,Wave Releasing,0.0%,$47.1k,1,1,
97,Bev Pictures,0.0%,$44.8k,1,1,
98,Speak Productions,0.0%,$37.1k,1,0,
99,Corinth Films,0.0%,$36.8k,1,1,
100,Mypheduh Films,0.0%,$30.1k,1,1,
101,MSK Productions,0.0%,$28.6k,1,1,
102,Trela Media,0.0%,$27.1k,1,1,
103,ThinkFilm,0.0%,$25.3k,1,0,
104,Roebuck Media,0.0%,$24.4k,1,1,
105,New American Vision,0.0%,$22.8k,1,1,
106,Embrem Entertainment,0.0%,$18.5k,1,1,
107,Film Movement,0.0%,$16.0k,1,1,
108,Aliquot Films,0.0%,$11.8k,1,1,
109,Nocturnal Features,0.0%,$11.4k,3,3,
110,Wildcat Releasing,0.0%,$11.0k,1,1,
111,Mangusta Productions,0.0%,$9.9k,1,1,
112,Inspired Life,0.0%,$9.8k,1,1,
113,River Rain,0.0%,$8.5k,1,0,
114,Fair Trade Pictures,0.0%,$7.6k,1,0,
115,Tentmakers Entertainment,0.0%,$6.8k,1,0,
116,Osiris Entertainment,0.0%,$6.5k,1,1,
117,Sumbadhat Productions,0.0%,$6.0k,1,1,
118,28 Entertainment,0.0%,$4.3k,1,1,
119,Cavalier Films,0.0%,$3.0k,1,0,
120,New Love Films,0.0%,$2.6k,1,0,
121,Yeah,0.0%,$1.0k,1,1,
1,Warner Bros.,18.4%,"$1,767.3",30,20,
2,Paramount,16.4%,"$1,577.0",17,14,
3,Sony / Columbia,13.2%,"$1,267.2",23,20,
4,Universal,11.0%,"$1,054.6",20,18,
5,20th Century Fox,10.5%,"$1,014.3",24,20,
6,Buena Vista,10.5%,"$1,011.7",18,13,
7,Lionsgate,4.5%,$436.8,19,19,
8,Summit Entertainment,2.4%,$226.5,5,5,
9,Fox Searchlight,2.2%,$214.8,9,6,
10,MGM/UA,1.7%,$160.8,18,12,
11,Focus Features,1.4%,$138.9,7,5,
12,Overture Films,1.1%,$103.1,8,8,
13,Miramax,0.8%,$81.7,11,8,
14,Paramount Vantage,0.8%,$81.1,12,8,
15,Picturehouse,0.7%,$64.0,7,5,
16,Rogue Pictures,0.7%,$63.6,2,2,
17,New Line,0.6%,$62.5,4,3,
18,Weinstein Company,0.5%,$48.8,10,7,
19,Samuel Goldwyn,0.4%,$41.5,7,7,
20,Sony Classics,0.4%,$41.1,24,19,
21,National Geographic Entertainment,0.3%,$24.2,2,1,
22,Freestyle Releasing,0.2%,$23.7,7,7,
23,IMAX,0.1%,$10.3,6,1,
24,Magnolia,0.1%,$9.9,23,23,
25,Roadside Attractions,0.1%,$8.3,14,11,
26,Rocky Mountain Pictures,0.1%,$8.1,2,2,
27,Vivendi Entertainment,0.1%,$7.5,2,2,
28,Paramount Classics,0.1%,$6.6,1,1,
29,Music Box Films,0.1%,$6.5,4,4,
30,UTV Communications,0.1%,$6.5,8,7,
31,ThinkFilm,0.1%,$6.2,14,10,
32,IFC,0.1%,$6.1,31,29,
33,3D Entertainment,0.1%,$5.2,1,1,
34,Eros,0.1%,$5.1,10,10,
35,Yash Raj,0.0%,$4.8,6,6,
36,First Look,0.0%,$2.9,8,7,
37,Warner Independent,0.0%,$2.3,5,4,
38,Studio 18,0.0%,$2.2,1,1,
39,Zeitgeist,0.0%,$2.0,6,6,
40,AdLabs,0.0%,$1.9,2,2,
41,Alliance,0.0%,$1.7,6,5,
42,Third Rail Releasing,0.0%,$1.6,8,8,
43,Strand,0.0%,$1.5,12,8,
44,Emerging Pictures,0.0%,$999k,14,12,
45,Candlelight Media Group,0.0%,$882k,1,1,
46,City Lights Pictures Releasing,0.0%,$854k,4,4,
47,Crane Movie Company,0.0%,$720k,1,1,
48,Kino,0.0%,$663k,12,12,
49,Peace Arch Entertainment,0.0%,$610k,5,5,
50,Abramorama,0.0%,$597k,5,4,
51,First Run,0.0%,$569k,11,10,
52,International Film Circuit,0.0%,$551k,3,2,
53,Logo Features,0.0%,$533k,1,1,
54,Regent Releasing,0.0%,$521k,30,25,
55,Film Movement,0.0%,$493k,7,5,
56,SenArt/Scranton-Lacy Films,0.0%,$488k,1,1,
57,Rialto,0.0%,$460k,6,4,
58,Maya Entertainment,0.0%,$392k,6,6,
59,Slowhand Cinema,0.0%,$374k,3,3,
60,Yari Film Group,0.0%,$360k,2,1,
61,First Independent Pictures,0.0%,$328k,3,3,
62,Oscilloscope Pictures,0.0%,$321k,5,5,
63,Indican,0.0%,$319k,7,5,
64,Cinema Guild,0.0%,$318k,5,5,
65,Elephant Eye Films,0.0%,$299k,2,1,
66,N Wave,0.0%,$287k,2,0,
67,Super Chief Films,0.0%,$251k,1,1,
68,Koch Lorber Films,0.0%,$237k,4,3,
69,Anchor Bay Films,0.0%,$229k,7,7,
70,Arenas Entertainment,0.0%,$225k,1,1,
71,Redwood Palms Pictures,0.0%,$224k,1,1,
72,Fair Trade Pictures,0.0%,$208k,1,1,
73,Mitropoulos Films,0.0%,$189k,1,1,
74,Shadow Dist.,0.0%,$176k,2,1,
75,Truly Indie,0.0%,$174k,4,3,
76,Image Entertainment,0.0%,$173k,1,1,
77,Vitagraph,0.0%,$167k,3,3,
78,Balcony Releasing,0.0%,$160k,6,4,
79,Unknown,0.0%,$159k,6,6,
80,Tentmakers Entertainment,0.0%,$156k,1,0,
81,Outsider Pictures,0.0%,$152k,1,1,
82,Dark Coast Pictures,0.0%,$145k,1,1,
83,New Yorker,0.0%,$137k,6,5,
84,Empire,0.0%,$132k,1,1,
85,Screen Media,0.0%,$130k,4,4,
86,Shemaroo,0.0%,$114k,1,1,
87,"Monterey Media, Inc.",0.0%,$109k,5,4,
88,TLA Releasing,0.0%,$105k,1,1,
89,CAVU,0.0%,$96.7k,2,2,
90,Palm,0.0%,$94.0k,2,2,
91,Typecast Releasing,0.0%,$89.7k,1,1,
92,Speak Productions,0.0%,$86.7k,1,1,
93,Cinema Libre Studio,0.0%,$84.6k,5,5,
94,Cinema Libre,0.0%,$84.6k,5,5,
95,Five & Two Pictures,0.0%,$84.1k,1,1,
96,Reel Diva Consultants,0.0%,$79.9k,2,1,
97,The Film Desk,0.0%,$78.6k,3,3,
98,Alluvial Film Company,0.0%,$77.6k,1,1,
99,Magic Lamp,0.0%,$74.4k,1,1,
100,Embrem Entertainment,0.0%,$72.6k,1,1,
101,Film Sales Company,0.0%,$71.7k,1,1,
102,Borotoro,0.0%,$69.6k,1,0,
103,Xenon Pictures,0.0%,$69.2k,1,1,
104,Stone Five Studios,0.0%,$67.7k,1,1,
105,Eleven Arts,0.0%,$60.9k,1,1,
106,InterPositive Media,0.0%,$60.3k,1,1,
107,Myriad Pictures,0.0%,$58.7k,1,1,
108,Priority Films,0.0%,$58.4k,1,0,
109,Sidetrack Films,0.0%,$56.4k,1,1,
110,Somerset Films,0.0%,$51.1k,1,0,
111,Janus Films,0.0%,$45.1k,2,2,
112,Waldo West Productions,0.0%,$43.9k,1,1,
113,Hannover House,0.0%,$42.2k,1,1,
114,Liberation Entertainment,0.0%,$34.2k,3,3,
115,Cavalier Films,0.0%,$31.1k,1,1,
116,Milestone,0.0%,$30.9k,1,1,
117,Icarus Films,0.0%,$30.3k,4,1,
118,Variance Films,0.0%,$30.3k,1,1,
119,MCR Releasing,0.0%,$29.8k,1,1,
120,Unison Films,0.0%,$22.3k,1,1,
121,New Love Films,0.0%,$20.8k,1,0,
122,Laemmle / Zeller Films,0.0%,$20.4k,1,1,
123,Reel Source,0.0%,$19.7k,1,1,
124,Menemsha,0.0%,$19.3k,1,1,
125,Arts Alliance America,0.0%,$18.6k,2,2,
126,North American Film Theatrical Corp,0.0%,$17.2k,1,1,
127,"David & Layla, LLC",0.0%,$15.2k,1,0,
128,Anywhere Road,0.0%,$14.3k,1,1,
129,Troma,0.0%,$13.8k,1,1,
130,The Bigger Picture,0.0%,$13.7k,3,3,
131,Mile End Films,0.0%,$12.3k,1,1,
132,Mandt Bros. Productions,0.0%,$12.0k,1,1,
133,Sky Island Films,0.0%,$11.6k,1,1,
134,Lafayette Films,0.0%,$10.3k,1,1,
135,River Rain,0.0%,$9.8k,1,1,
136,Blowtorch Entertainment,0.0%,$9.4k,1,1,
137,Diversa Films,0.0%,$9.3k,1,0,
138,Direct Cinema Limited,0.0%,$8.4k,1,1,
139,Engel Entertainment,0.0%,$7.7k,1,1,
140,Warrior Poets Releasing,0.0%,$6.8k,1,0,
141,Outsider Films,0.0%,$6.7k,1,1,
142,Abkco Films,0.0%,$6.2k,2,0,
143,Mountain Top Releasing,0.0%,$5.4k,1,1,
144,Artistic License,0.0%,$3.1k,1,1,
145,MPI Media Group,0.0%,$2.6k,1,1,
146,Lantern Lane,0.0%,$2.1k,1,1,
147,ImaginAsian Pictures,0.0%,$1.0k,2,2,
148,Lavendar House Films,0.0%,$0.6k,1,1,
1,Paramount,15.5%,"$1,499.3",20,16,
2,Warner Bros.,14.7%,"$1,417.4",34,24,
3,Buena Vista,14.0%,"$1,350.2",21,13,
4,Sony / Columbia,12.9%,"$1,245.6",31,25,
5,Universal,11.4%,"$1,101.9",20,18,
6,20th Century Fox,10.5%,"$1,017.7",24,16,
7,New Line,5.0%,$487.5,17,13,
8,Lionsgate,3.8%,$368.1,17,17,
9,MGM/UA,3.8%,$366.2,29,19,
10,Fox Searchlight,1.4%,$132.8,15,10,
11,Miramax,1.3%,$126.1,10,8,
12,Rogue Pictures,0.8%,$73.0,3,3,
13,Picturehouse,0.6%,$60.6,9,8,
14,Paramount Vantage,0.6%,$60.4,9,8,
15,Focus Features,0.5%,$51.0,6,6,
16,Sony Classics,0.4%,$38.9,23,18,
17,Weinstein Company,0.4%,$37.0,12,9,
18,IDP,0.2%,$22.5,8,7,
19,Warner Independent,0.2%,$15.7,7,5,
20,Yari Film Group,0.2%,$14.8,9,8,
21,IMAX,0.2%,$14.7,6,1,
22,Eros,0.1%,$13.6,13,13,
23,Freestyle Releasing,0.1%,$12.8,4,4,
24,Alliance,0.1%,$12.0,17,13,
25,ThinkFilm,0.1%,$11.4,26,21,
26,First Look,0.1%,$10.7,8,6,
27,IFC,0.1%,$9.3,33,30,
28,Roadside Attractions,0.1%,$8.8,7,7,
29,N Wave,0.1%,$8.6,3,0,
30,Chicago Pictures,0.1%,$6.9,1,1,
31,Magnolia,0.1%,$6.4,23,21,
32,After Dark Films,0.1%,$6.4,6,6,
33,Sony BMG,0.1%,$5.9,2,2,
34,National Geographic Entertainment,0.1%,$5.8,1,1,
35,Samuel Goldwyn,0.1%,$5.7,3,3,
36,The Bigger Picture,0.1%,$5.3,6,6,
37,Summit Entertainment,0.0%,$4.0,1,1,
38,Yash Raj,0.0%,$3.9,7,5,
39,AdLabs,0.0%,$2.1,2,2,
40,Slowhand Cinema,0.0%,$1.5,7,6,
41,UTV Communications,0.0%,$1.2,4,4,
42,Rocky Mountain Pictures,0.0%,$1.1,4,4,
43,Zeitgeist,0.0%,$1.1,5,2,
44,Kino,0.0%,$892k,10,8,
45,"Libero, LLC",0.0%,$816k,1,0,
46,518 Media,0.0%,$774k,2,1,
47,SK Films,0.0%,$745k,1,0,
48,Excel,0.0%,$717k,2,1,
49,Rialto,0.0%,$652k,5,3,
50,ImaginAsian Pictures,0.0%,$641k,1,1,
51,City Lights Pictures Releasing,0.0%,$601k,4,4,
52,Tartan,0.0%,$575k,5,4,
53,Shadow Dist.,0.0%,$568k,4,4,
54,Borotoro,0.0%,$488k,1,1,
55,Strand,0.0%,$471k,22,16,
56,Janus Films,0.0%,$456k,6,5,
57,Rainbow Films,0.0%,$433k,2,1,
58,Milestone,0.0%,$413k,2,2,
59,Indican,0.0%,$406k,7,3,
60,First Run,0.0%,$379k,12,9,
61,Newmarket,0.0%,$365k,2,2,
62,"Monterey Media, Inc.",0.0%,$346k,4,4,
63,Koch Lorber Films,0.0%,$346k,5,5,
64,New Yorker,0.0%,$335k,9,7,
65,Emerging Pictures,0.0%,$332k,6,6,
66,Arts Alliance America,0.0%,$303k,1,1,
67,Palm,0.0%,$298k,4,4,
68,Regent Releasing,0.0%,$293k,11,9,
69,Vitagraph,0.0%,$279k,2,2,
70,Vineyard Distribution,0.0%,$278k,1,0,
71,8X Entertainment,0.0%,$258k,1,1,
72,TLA Releasing,0.0%,$246k,2,2,
73,TVA,0.0%,$245k,1,1,
74,Anchor Bay Films,0.0%,$244k,2,2,
75,Somerset Films,0.0%,$241k,1,1,
76,International Film Circuit,0.0%,$211k,8,7,
77,Film Sales Company,0.0%,$200k,1,1,
78,Truly Indie,0.0%,$194k,5,5,
79,Warrior Poets Releasing,0.0%,$193k,1,1,
80,Balcony Releasing,0.0%,$193k,3,3,
81,Luminous Velocity Releasing,0.0%,$181k,2,2,
82,Rainbow Releasing,0.0%,$171k,1,1,
83,Shemaroo,0.0%,$166k,1,1,
84,Eleven Arts,0.0%,$145k,2,2,
85,Arab Film Dist.,0.0%,$140k,1,0,
86,Mountain Top Releasing,0.0%,$139k,1,1,
87,Cinema Guild,0.0%,$127k,3,2,
88,Abkco Films,0.0%,$118k,2,1,
89,Priority Films,0.0%,$108k,1,1,
90,"David & Layla, LLC",0.0%,$106k,1,1,
91,Wildcat Releasing,0.0%,$105k,1,1,
92,Outsider Pictures,0.0%,$99.0k,2,2,
93,Reel Diva Consultants,0.0%,$98.9k,4,4,
94,Peace Arch Entertainment,0.0%,$86.5k,1,1,
95,Codeblack Entertainment,0.0%,$85.9k,2,2,
96,Gigantic Releasing,0.0%,$63.3k,1,0,
97,First Independent Pictures,0.0%,$61.9k,2,2,
98,7th Art,0.0%,$60.2k,4,3,
99,Screen Media,0.0%,$53.8k,4,4,
100,SeeThink Productions,0.0%,$49.0k,1,1,
101,Tentmakers Entertainment,0.0%,$45.5k,1,1,
102,Capricorn Distribution,0.0%,$45.4k,1,1,
103,Xenon Pictures,0.0%,$42.7k,2,2,
104,Tilapia Film,0.0%,$41.6k,1,0,
105,Success Films,0.0%,$39.2k,1,1,
106,Lucid Dreaming Inc.,0.0%,$38.9k,1,1,
107,Elephant Eye Films,0.0%,$37.1k,2,2,
108,Lifesize,0.0%,$35.8k,3,3,
109,Halo8 Releasing,0.0%,$34.0k,1,1,
110,Empire Film Group,0.0%,$32.8k,1,1,
111,Reliance Films,0.0%,$32.7k,1,1,
112,Icarus Films,0.0%,$31.4k,7,6,
113,Cinema Libre,0.0%,$30.1k,3,3,
114,Cinema Libre Studio,0.0%,$30.1k,3,3,
115,First Stripe Productions,0.0%,$29.7k,1,0,
116,Film Movement,0.0%,$28.6k,2,2,
117,Gringo Wedding LLC,0.0%,$26.9k,1,1,
118,Stand Up Films,0.0%,$24.1k,1,1,
119,Movie Partners,0.0%,$23.6k,1,1,
120,SchwarzSmith & Taskovski Films,0.0%,$21.6k,1,1,
121,Reel Source,0.0%,$20.8k,1,1,
122,Artistic License,0.0%,$20.2k,1,1,
123,Big Sky Productions,0.0%,$18.9k,1,1,
124,California Newsreel,0.0%,$18.4k,1,0,
125,Pocket Releasing,0.0%,$18.4k,1,1,
126,Artmattan Prods.,0.0%,$17.5k,3,2,
127,Abramorama,0.0%,$17.5k,1,1,
128,Either/Or Films,0.0%,$16.9k,1,1,
129,New Love Films,0.0%,$16.8k,1,1,
130,Lantern Lane,0.0%,$15.8k,1,1,
131,600 West,0.0%,$15.6k,1,1,
132,Sagewood Cinema Ventures,0.0%,$15.0k,1,0,
133,Fox Meadows Films,0.0%,$13.9k,1,1,
134,Wringing Hands Prods.,0.0%,$12.9k,1,1,
135,Goodbye Cruel Releasing,0.0%,$12.3k,1,0,
136,Argot Pictures,0.0%,$12.2k,1,1,
137,Ariztical Entertainment,0.0%,$11.7k,1,0,
138,Picture This!,0.0%,$11.4k,1,1,
139,Cineville,0.0%,$11.2k,2,1,
140,Magic Lamp,0.0%,$10.5k,1,1,
141,Arthouse Films,0.0%,$8.9k,1,1,
142,Laemmle / Zeller Films,0.0%,$8.9k,1,1,
143,D Street Releasing,0.0%,$8.3k,1,1,
144,Unknown,0.0%,$8.0k,1,1,
145,Union Station,0.0%,$8.0k,1,1,
146,Green Forest Films,0.0%,$7.1k,1,1,
147,The Documentary Group,0.0%,$6.8k,1,1,
148,Red Envelope Entertainment,0.0%,$6.7k,2,2,
149,Radio London Films,0.0%,$6.4k,1,1,
150,Mitropoulos Films,0.0%,$5.8k,2,2,
151,Lonely Seal Releasing,0.0%,$3.9k,1,1,
152,Jung N Restless Films,0.0%,$3.8k,1,1,
153,Diversa Films,0.0%,$3.6k,1,1,
154,Facets,0.0%,$3.0k,1,1,
155,ArcAngelo Entertainment,0.0%,$1.9k,1,1,
156,Bullz Eye Productions,0.0%,$1.5k,1,1,
157,Outsider Films,0.0%,$1.5k,1,1,
158,Sky Island Films,0.0%,$1.4k,1,1,
1,Sony / Columbia,18.6%,"$1,710.9",34,27,
2,Buena Vista,16.2%,"$1,492.6",25,19,
3,20th Century Fox,15.2%,"$1,398.4",28,24,
4,Warner Bros.,11.6%,"$1,065.8",27,21,
5,Paramount,10.3%,$947.3,19,16,
6,Universal,8.9%,$815.2,21,17,
7,Lionsgate,3.6%,$331.4,19,17,
8,New Line,2.7%,$251.5,13,10,
9,Weinstein Company,2.5%,$226.5,15,9,
10,MGM/UA,1.8%,$166.8,13,16,
11,Fox Searchlight,1.8%,$165.7,16,13,
12,Focus Features,1.3%,$118.5,9,7,
13,Rogue Pictures,0.7%,$65.4,4,4,
14,Sony Classics,0.7%,$60.4,24,17,
15,Miramax,0.5%,$45.9,9,9,
16,Yari Film Group,0.4%,$41.2,4,4,
17,Warner Independent,0.3%,$27.5,10,8,
18,Paramount Classics,0.3%,$26.9,4,4,
19,Picturehouse,0.3%,$23.9,7,6,
20,DreamWorks SKG,0.2%,$23.0,3,0,
21,Freestyle Releasing,0.2%,$20.0,9,9,
22,Paramount Vantage,0.2%,$19.8,1,1,
23,Alliance,0.2%,$18.0,7,8,
24,IDP,0.2%,$15.2,14,12,
25,IMAX,0.2%,$14.6,6,1,
26,8X Entertainment,0.1%,$13.4,1,1,
27,Rocky Mountain Pictures,0.1%,$12.1,5,5,
28,Magnolia,0.1%,$10.8,17,15,
29,ThinkFilm,0.1%,$10.7,25,21,
30,Yash Raj,0.1%,$8.3,4,4,
31,IFC,0.1%,$6.9,30,29,
32,N Wave,0.1%,$6.4,4,0,
33,UTV Communications,0.1%,$5.5,7,6,
34,Eros,0.0%,$4.4,9,9,
35,Wingate Distribution,0.0%,$3.1,1,1,
36,First Look,0.0%,$2.7,5,5,
37,AdLabs,0.0%,$2.6,4,4,
38,Romar Entertainment,0.0%,$2.4,1,1,
39,Rainbow Films,0.0%,$2.0,4,4,
40,Cineville,0.0%,$1.6,1,0,
41,SK Films,0.0%,$1.6,1,0,
42,Slowhand Cinema,0.0%,$1.2,7,5,
43,Shadow Dist.,0.0%,$1.2,7,2,
44,Zeitgeist,0.0%,$1.2,6,5,
45,Koch Lorber Films,0.0%,$1.1,4,3,
46,TLA Releasing,0.0%,$993k,7,5,
47,Rialto,0.0%,$957k,5,4,
48,"Libero, LLC",0.0%,$890k,1,1,
49,Excel,0.0%,$710k,1,1,
50,Palm,0.0%,$706k,12,11,
51,Ram Entertainment,0.0%,$617k,1,1,
52,First Run,0.0%,$588k,13,9,
53,Regent Releasing,0.0%,$563k,12,11,
54,Halestorm,0.0%,$544k,2,2,
55,Newmarket,0.0%,$519k,1,1,
56,Tartan,0.0%,$488k,7,5,
57,Strand,0.0%,$472k,18,14,
58,Echo Bridge Entertainment,0.0%,$472k,1,1,
59,Triumph,0.0%,$464k,1,1,
60,Indican,0.0%,$447k,12,6,
61,Kino,0.0%,$426k,8,7,
62,Cyan Pictures,0.0%,$425k,2,2,
63,ABS-CBN International,0.0%,$417k,3,3,
64,Cinema Guild,0.0%,$400k,4,2,
65,First Independent Pictures,0.0%,$387k,5,4,
66,Fabrication Films,0.0%,$383k,2,1,
67,Giant Screen Films,0.0%,$377k,2,0,
68,Truly Indie,0.0%,$318k,8,8,
69,International Film Circuit,0.0%,$306k,5,4,
70,Balcony Releasing,0.0%,$295k,6,5,
71,Silver Nitrate,0.0%,$274k,1,1,
72,Midnight Movies Entertainment,0.0%,$271k,1,1,
73,SenArt/Scranton-Lacy Films,0.0%,$254k,1,1,
74,The Bigger Picture,0.0%,$253k,1,1,
75,New Yorker,0.0%,$245k,9,7,
76,City Lights Pictures Releasing,0.0%,$225k,2,2,
77,Five & Two Pictures,0.0%,$224k,1,1,
78,120 Degree Films,0.0%,$210k,1,1,
79,Wellspring,0.0%,$178k,6,2,
80,Lovett Releasing,0.0%,$160k,1,0,
81,First Stripe Productions,0.0%,$150k,1,1,
82,Kindred Media Group,0.0%,$147k,3,3,
83,Picture This!,0.0%,$143k,6,3,
84,Cinema Libre,0.0%,$141k,5,5,
85,Cinema Libre Studio,0.0%,$141k,5,5,
86,Bauer Martinez Distribution,0.0%,$134k,2,2,
87,Emerging Pictures,0.0%,$120k,3,2,
88,7th Art,0.0%,$116k,2,2,
89,Vineyard Distribution,0.0%,$110k,1,0,
90,Janus Films,0.0%,$107k,1,1,
91,518 Media,0.0%,$100k,1,1,
92,Goodbye Cruel Releasing,0.0%,$91.2k,1,1,
93,California Newsreel,0.0%,$75.0k,1,1,
94,Arab Film Dist.,0.0%,$71.3k,4,3,
95,Gigantic Releasing,0.0%,$60.0k,1,1,
96,Meadowbrook Pictures,0.0%,$58.7k,1,0,
97,Icarus Films,0.0%,$56.0k,5,4,
98,Gorilla Factory Productions,0.0%,$55.4k,1,1,
99,Reel Source,0.0%,$53.6k,1,1,
100,Maya Entertainment,0.0%,$52.0k,1,1,
101,Thread Cross Films,0.0%,$47.2k,1,1,
102,Vitagraph,0.0%,$41.8k,1,1,
103,Pasidg Productions,0.0%,$40.8k,1,0,
104,Screen Media,0.0%,$38.9k,1,1,
105,Films Philos,0.0%,$36.6k,1,1,
106,"Millennium Films, Inc.",0.0%,$36.0k,1,1,
107,At Risk Films,0.0%,$35.4k,1,1,
108,Skouras,0.0%,$34.8k,1,1,
109,Women Make Movies,0.0%,$33.3k,1,1,
110,Aloha Releasing,0.0%,$32.8k,4,4,
111,Unico Entertainment,0.0%,$28.0k,1,1,
112,Ariztical Entertainment,0.0%,$25.4k,1,1,
113,Arrival Pictures,0.0%,$23.7k,2,1,
114,Quixotic Media,0.0%,$22.9k,1,1,
115,Screenland Films,0.0%,$22.9k,1,1,
116,Leisure Time,0.0%,$20.5k,1,1,
117,Skylight Pictures,0.0%,$20.1k,1,1,
118,Cinema Tropical,0.0%,$19.8k,1,1,
119,Mochary Films,0.0%,$19.8k,1,1,
120,Laemmle / Zeller Films,0.0%,$17.9k,2,1,
121,Abkco Films,0.0%,$17.1k,1,1,
122,Holedigger Studios,0.0%,$15.6k,1,0,
123,Fader Films,0.0%,$15.0k,1,0,
124,Sakura Production USA,0.0%,$15.0k,1,1,
125,HP Releasing,0.0%,$14.8k,1,1,
126,The 7th Floor,0.0%,$14.8k,2,2,
127,Rainbow Releasing,0.0%,$12.6k,1,1,
128,Tilapia Film,0.0%,$11.8k,1,1,
129,Sagewood Cinema Ventures,0.0%,$11.8k,1,1,
130,Newport Films,0.0%,$11.0k,1,1,
131,Delphi Film Foundation,0.0%,$9.4k,1,1,
132,Empire,0.0%,$8.1k,1,0,
133,Microangelo Entertainment,0.0%,$7.8k,1,1,
134,Roxie,0.0%,$7.5k,1,1,
135,The Disinformation Co.,0.0%,$7.5k,1,1,
136,Andes Film Company,0.0%,$7.1k,1,1,
137,Bill Plympton,0.0%,$5.3k,1,1,
138,Olive Films,0.0%,$4.8k,1,1,
139,Frontier Films,0.0%,$4.8k,1,1,
140,Castle Hill,0.0%,$4.5k,1,1,
141,Argot Pictures,0.0%,$3.9k,1,1,
142,Four Eyed Monsters,0.0%,$3.1k,1,1,
143,Unknown,0.0%,$3.0k,1,1,
144,Dog Lover's Symphony,0.0%,$3.0k,1,1,
145,ICA,0.0%,$2.5k,1,1,
146,Seventh Art,0.0%,$2.2k,1,1,
147,HB Filmworks,0.0%,$2.2k,1,1,
148,Artistic License,0.0%,$2.2k,1,1,
149,Movin' Picture Studios,0.0%,$2.0k,1,1,
150,Artmattan Prods.,0.0%,$1.9k,1,1,
151,Film Movement,0.0%,$1.4k,1,1,
152,Gold Circle,0.0%,$1.3k,1,1,
153,Luke Films,0.0%,$1.1k,1,0,
154,Oilrag Productions,0.0%,$0.8k,1,1,
155,Bullz Eye Productions,0.0%,$0.8k,1,1,
1,Warner Bros.,15.6%,"$1,377.1",25,19,
2,20th Century Fox,15.3%,"$1,353.9",21,18,
3,Universal,11.4%,"$1,010.2",24,19,
4,Buena Vista,10.4%,$921.5,23,17,
5,Sony / Columbia,10.4%,$917.8,27,24,
6,Paramount,9.4%,$832.2,17,12,
7,DreamWorks SKG,5.7%,$501.8,10,9,
8,New Line,4.8%,$420.5,13,10,
9,Lionsgate,3.2%,$284.0,20,18,
10,Dimension Films,2.1%,$185.1,7,6,
11,Miramax,2.1%,$183.7,17,14,
12,MGM/UA,2.1%,$181.5,10,9,
13,Warner Independent,1.3%,$114.5,7,6,
14,Focus Features,1.2%,$104.5,8,7,
15,Fox Searchlight,1.2%,$102.1,11,6,
16,Sony Classics,0.7%,$63.9,30,23,
17,Rogue Pictures,0.6%,$54.6,3,3,
18,Weinstein Company,0.5%,$46.9,6,7,
19,Paramount Classics,0.4%,$32.5,8,6,
20,IMAX,0.2%,$18.9,8,2,
21,IDP,0.2%,$17.6,10,9,
22,ThinkFilm,0.2%,$14.0,17,15,
23,N Wave,0.1%,$9.3,4,1,
24,Magnolia,0.1%,$9.2,8,8,
25,Newmarket,0.1%,$7.5,6,5,
26,IFC,0.1%,$7.3,13,12,
27,Eros,0.1%,$5.4,13,13,
28,Yash Raj,0.0%,$4.3,6,5,
29,Giant Screen Films,0.0%,$4.1,2,0,
30,Fine Line,0.0%,$4.0,5,3,
31,Shadow Dist.,0.0%,$3.4,6,5,
32,Aloha Releasing,0.0%,$3.0,1,1,
33,Slowhand Cinema,0.0%,$2.9,6,5,
34,Wellspring,0.0%,$2.8,17,10,
35,SK Films,0.0%,$2.7,1,0,
36,Picturehouse,0.0%,$2.7,4,4,
37,UTV Communications,0.0%,$2.5,6,5,
38,Excel,0.0%,$2.4,2,0,
39,Mongrel Media,0.0%,$2.3,1,1,
40,Vineyard Distribution,0.0%,$1.9,1,1,
41,Tartan,0.0%,$1.7,10,8,
42,Holedigger Studios,0.0%,$1.6,2,2,
43,Televisa Cine,0.0%,$1.4,2,2,
44,Emissary Productions,0.0%,$1.2,1,1,
45,"Monterey Media, Inc.",0.0%,$1.2,1,1,
46,Palm,0.0%,$1.1,7,7,
47,Freestyle Releasing,0.0%,$1.1,6,6,
48,Zeitgeist,0.0%,$1.0,5,5,
49,Empire,0.0%,$1.0,4,3,
50,Strand,0.0%,$968k,13,10,
51,Captured Light Distribution,0.0%,$898k,1,0,
52,Luke Films,0.0%,$852k,1,0,
53,Indican,0.0%,$846k,15,10,
54,Kino,0.0%,$768k,12,9,
55,Regent Releasing,0.0%,$588k,9,6,
56,Vitagraph,0.0%,$584k,6,6,
57,New Yorker,0.0%,$573k,10,7,
58,Halestorm,0.0%,$565k,3,2,
59,Rialto,0.0%,$559k,4,4,
60,Triumph,0.0%,$469k,1,1,
61,Cinema Guild,0.0%,$379k,5,3,
62,Northern Arts,0.0%,$337k,1,1,
63,First Look,0.0%,$332k,5,5,
64,Picture This!,0.0%,$331k,7,6,
65,Mela Films,0.0%,$316k,1,0,
66,TLA Releasing,0.0%,$283k,8,7,
67,Animation Show,0.0%,$247k,1,1,
68,First Run,0.0%,$233k,16,11,
69,Bauer Martinez Distribution,0.0%,$205k,1,1,
70,Main Street Movie Co.,0.0%,$203k,1,1,
71,Arrival Pictures,0.0%,$203k,1,1,
72,First Independent Pictures,0.0%,$176k,1,1,
73,Lange Releasing,0.0%,$165k,1,1,
74,Ariztical Entertainment,0.0%,$155k,1,1,
75,Geneon Entertainment,0.0%,$129k,1,1,
76,Emerging Pictures,0.0%,$124k,1,1,
77,Matson Films,0.0%,$121k,1,1,
78,Cinema Libre Studio,0.0%,$114k,4,3,
79,Cinema Libre,0.0%,$114k,4,3,
80,Koch Lorber Films,0.0%,$109k,3,3,
81,Illuminare Entertainment,0.0%,$103k,2,2,
82,International Film Circuit,0.0%,$98.4k,1,1,
83,Lovett Releasing,0.0%,$89.3k,1,1,
84,Meadowbrook Pictures,0.0%,$79.6k,1,1,
85,Goodbye Cruel Releasing,0.0%,$77.1k,1,1,
86,Avatar,0.0%,$76.0k,2,1,
87,Maxmedia/Endgame Pictures,0.0%,$73.7k,1,0,
88,Innovation Film Group,0.0%,$72.8k,1,1,
89,Cineville,0.0%,$72.4k,2,2,
90,Jour de Fete,0.0%,$72.1k,1,1,
91,California Newsreel,0.0%,$68.2k,1,1,
92,"Kria, Inc.",0.0%,$64.1k,3,3,
93,Wolfe Releasing,0.0%,$53.4k,3,2,
94,Economic Projections,0.0%,$49.0k,1,1,
95,Slippery Chicken Pictures,0.0%,$47.2k,1,1,
96,Five Sisters,0.0%,$46.8k,1,0,
97,Painted Zebra Releasing,0.0%,$46.0k,1,0,
98,Echo Bridge Entertainment,0.0%,$45.0k,1,1,
99,Laemmle / Zeller Films,0.0%,$42.5k,2,2,
100,Castle Hill,0.0%,$37.3k,7,6,
101,Artistic License,0.0%,$35.0k,2,2,
102,Fader Films,0.0%,$34.9k,1,1,
103,Film Movement,0.0%,$34.8k,1,1,
104,Viz Media,0.0%,$34.4k,1,1,
105,RBC Radio,0.0%,$34.3k,1,0,
106,Rainbow Releasing,0.0%,$31.9k,1,1,
107,Icarus Films,0.0%,$29.5k,4,3,
108,Balcony Releasing,0.0%,$29.3k,2,2,
109,Menemsha,0.0%,$26.7k,1,1,
110,Pillen's Farm Pictures,0.0%,$25.2k,1,1,
111,Embrem Entertainment,0.0%,$21.5k,1,1,
112,7th Art,0.0%,$20.1k,3,3,
113,Arab Film Dist.,0.0%,$18.8k,4,4,
114,Fabrication Films,0.0%,$16.8k,1,1,
115,Lifesize,0.0%,$15.2k,2,2,
116,Cockeyed Caravan,0.0%,$14.8k,1,1,
117,High Cotton Films,0.0%,$12.0k,1,1,
118,"Psychic Girls, LLC",0.0%,$11.1k,1,1,
119,Dada Films,0.0%,$11.0k,1,0,
120,Silver Plane Films,0.0%,$10.6k,1,1,
121,Dinsdale Releasing,0.0%,$10.3k,1,1,
122,Margin,0.0%,$10.2k,1,1,
123,Artmattan Prods.,0.0%,$9.4k,3,1,
124,Filmmates Corp.,0.0%,$9.1k,1,1,
125,Rumur Releasing,0.0%,$8.0k,1,1,
126,Unico Entertainment,0.0%,$6.5k,1,1,
127,Atopia,0.0%,$5.3k,1,0,
128,Big Fat Movies,0.0%,$4.7k,1,1,
129,Minority Films,0.0%,$4.3k,1,1,
130,Romar Entertainment,0.0%,$3.7k,1,1,
131,HB Filmworks,0.0%,$3.3k,1,1,
132,Rogue Arts,0.0%,$2.8k,1,1,
133,Hummingbird Pictures,0.0%,$2.2k,1,1,
134,Lumiere Productions,0.0%,$1.9k,1,1,
135,Leisure Time,0.0%,$1.9k,1,1,
136,Ent. Highway,0.0%,$0.6k,1,1,
137,Unknown,0.0%,$0.4k,1,1,
1,Sony / Columbia,14.3%,"$1,337.6",24,17,
2,Warner Bros.,12.9%,"$1,214.2",28,22,
3,Buena Vista,12.4%,"$1,159.1",28,20,
4,DreamWorks SKG,10.0%,$937.1,11,10,
5,20th Century Fox,9.9%,$930.0,18,14,
6,Universal,9.5%,$893.4,20,14,
7,Paramount,6.7%,$628.3,17,14,
8,New Line,4.6%,$430.2,14,10,
9,Newmarket,4.3%,$406.7,8,7,
10,Miramax,3.9%,$368.2,20,13,
11,Lionsgate,3.2%,$302.1,21,18,
12,MGM/UA,2.1%,$198.9,19,15,
13,Fox Searchlight,1.8%,$172.9,11,10,
14,Focus Features,1.0%,$94.5,7,5,
15,Sony Classics,0.4%,$41.0,29,22,
16,Rogue Pictures,0.3%,$30.6,2,2,
17,Dimension Films,0.2%,$20.8,4,1,
18,Giant Screen Films,0.2%,$16.6,2,0,
19,IMAX,0.2%,$15.0,7,1,
20,IDP,0.2%,$14.6,11,9,
21,Alliance,0.2%,$14.1,10,8,
22,Warner Independent,0.1%,$12.1,6,6,
23,Magnolia,0.1%,$10.5,10,10,
24,Fine Line,0.1%,$10.1,5,4,
25,Captured Light Distribution,0.1%,$10.0,1,1,
26,SK Films,0.1%,$9.7,1,0,
27,Triumph,0.1%,$9.2,1,1,
28,IFC,0.1%,$8.2,10,10,
29,ThinkFilm,0.1%,$7.0,13,11,
30,Christal Films,0.1%,$6.4,8,7,
31,Paramount Classics,0.1%,$6.3,10,9,
32,Televisa Cine,0.0%,$4.2,1,1,
33,Yash Raj,0.0%,$4.0,4,3,
34,Mulberry Square,0.0%,$3.8,1,1,
35,Eros,0.0%,$3.3,8,7,
36,New Yorker,0.0%,$2.9,9,5,
37,Wellspring,0.0%,$2.8,14,11,
38,Film Foundry,0.0%,$2.7,1,1,
39,N Wave,0.0%,$2.6,3,0,
40,Odeon,0.0%,$2.6,3,1,
41,TVA,0.0%,$2.6,3,2,
42,Excel,0.0%,$2.5,3,2,
43,Zeitgeist,0.0%,$2.4,7,7,
44,UTV Communications,0.0%,$1.8,3,3,
45,Luke Films,0.0%,$1.8,1,1,
46,Mongrel Media,0.0%,$1.6,1,1,
47,Halestorm,0.0%,$1.5,3,3,
48,Rialto,0.0%,$1.3,4,3,
49,Innovation Film Group,0.0%,$1.3,8,7,
50,Arenas Entertainment,0.0%,$1.1,2,2,
51,Zee TV,0.0%,$1.0,2,2,
52,TLA Releasing,0.0%,$998k,7,6,
53,Kino,0.0%,$915k,10,8,
54,Empire,0.0%,$856k,8,5,
55,Regent Releasing,0.0%,$820k,8,8,
56,Strand,0.0%,$725k,22,15,
57,Cinema Libre Studio,0.0%,$723k,3,3,
58,Rainbow Releasing,0.0%,$654k,2,1,
59,Mormon Movies,0.0%,$556k,1,0,
60,P & A Releasing,0.0%,$527k,1,1,
61,Palm,0.0%,$506k,16,12,
62,First Run,0.0%,$477k,17,11,
63,Vitagraph,0.0%,$447k,6,5,
64,Net Effect,0.0%,$425k,2,2,
65,Artistic License,0.0%,$406k,5,3,
66,Shadow Dist.,0.0%,$396k,4,0,
67,Indican,0.0%,$376k,8,5,
68,MAC Releasing,0.0%,$352k,2,2,
69,Dada Films,0.0%,$348k,2,2,
70,Seville,0.0%,$336k,2,2,
71,First Look,0.0%,$305k,4,3,
72,Cinema Service,0.0%,$298k,1,1,
73,Slugger Pictures,0.0%,$295k,1,1,
74,Emerging Pictures,0.0%,$275k,2,2,
75,Shakey,0.0%,$256k,1,1,
76,Tartan,0.0%,$248k,4,4,
77,Menemsha,0.0%,$237k,1,0,
78,Wild Rose,0.0%,$235k,1,1,
79,Cinema Libre,0.0%,$213k,1,1,
80,Unico Entertainment,0.0%,$201k,1,1,
81,RBC Radio,0.0%,$193k,1,1,
82,Lantern Lane,0.0%,$185k,2,2,
83,Koch Lorber Films,0.0%,$166k,1,1,
84,Cinema Guild,0.0%,$161k,3,3,
85,Gatekeeper,0.0%,$147k,1,0,
86,Unitel Pictures,0.0%,$133k,1,1,
87,Pak Films / Shotwell Media,0.0%,$131k,1,1,
88,7th Art,0.0%,$111k,1,1,
89,Non-Fiction Films,0.0%,$111k,1,1,
90,Slowhand Cinema,0.0%,$109k,1,1,
91,Panorama,0.0%,$106k,3,2,
92,Rainbow Films,0.0%,$98.3k,1,1,
93,Northern Arts,0.0%,$95.2k,2,2,
94,Citizens United,0.0%,$93.0k,1,1,
95,Wolfe Releasing,0.0%,$84.6k,3,3,
96,Picture This!,0.0%,$84.6k,3,3,
97,Norador Productions,0.0%,$82.9k,1,1,
98,Painted Zebra Releasing,0.0%,$81.3k,1,1,
99,K Film,0.0%,$80.0k,1,1,
100,Sister Films,0.0%,$79.8k,1,0,
101,Cristal,0.0%,$78.7k,1,1,
102,Every Tribe,0.0%,$67.4k,1,1,
103,Castle Hill,0.0%,$66.3k,3,2,
104,Abramorama,0.0%,$65.5k,2,2,
105,Mela Films,0.0%,$64.9k,1,1,
106,Icarus Films,0.0%,$63.9k,4,3,
107,Animation Show,0.0%,$62.2k,1,0,
108,Pathfinder,0.0%,$58.2k,1,1,
109,Artmattan Prods.,0.0%,$55.4k,4,3,
110,ISA Releasing,0.0%,$44.3k,1,1,
111,Jujitsu Films,0.0%,$39.9k,1,1,
112,Echelon Ent.,0.0%,$37.6k,3,3,
113,Avatar,0.0%,$35.5k,3,3,
114,Small Planet,0.0%,$31.0k,2,2,
115,Zion,0.0%,$29.8k,2,2,
116,Screen Media,0.0%,$28.3k,3,3,
117,Organic Pictures,0.0%,$27.2k,2,2,
118,Artrution,0.0%,$25.3k,1,1,
119,RKO,0.0%,$25.0k,1,1,
120,Magic Lamp,0.0%,$21.6k,1,1,
121,Sag Harbor Basement,0.0%,$20.4k,1,1,
122,Spit N' Glue,0.0%,$19.4k,1,0,
123,Small Island,0.0%,$16.7k,1,0,
124,Slamdance on the Road,0.0%,$16.3k,1,1,
125,Palo Alto Pictures,0.0%,$15.7k,1,1,
126,Hannover House,0.0%,$15.2k,1,1,
127,Illuminare Entertainment,0.0%,$14.2k,1,1,
128,Cinema Four,0.0%,$13.9k,3,3,
129,Film Movement,0.0%,$13.0k,1,1,
130,Big Ain't Bad Prods.,0.0%,$12.3k,1,1,
131,Prime Media Pictures,0.0%,$12.1k,1,1,
132,Rogue Arts,0.0%,$11.6k,1,1,
133,Random Productions,0.0%,$10.4k,1,1,
134,Lifesize,0.0%,$10.3k,1,1,
135,Atopia,0.0%,$9.1k,1,1,
136,CAVU,0.0%,$8.4k,1,0,
137,Cafe Entertainment Studio,0.0%,$7.6k,1,1,
138,Films Philos,0.0%,$7.0k,1,0,
139,Burton/Floyd,0.0%,$6.9k,1,1,
140,Sundance Film Series,0.0%,$6.6k,1,1,
141,Roxie,0.0%,$4.7k,1,0,
142,Leisure Time,0.0%,$3.9k,2,2,
143,Milestone,0.0%,$3.7k,1,1,
144,Plexifilm,0.0%,$3.6k,1,1,
145,Facets,0.0%,$2.8k,1,1,
146,Watch Releasing,0.0%,$2.6k,1,1,
147,RMH Media,0.0%,$2.5k,1,1,
148,Tag Entertainment,0.0%,$2.5k,1,1,
149,Five Sisters,0.0%,$2.4k,1,0,
150,Arab Film Dist.,0.0%,$1.7k,1,1,
151,Visionbox,0.0%,$1.6k,1,1,
152,Kathi Arts,0.0%,$1.4k,1,1,
153,Maxmedia/Endgame Pictures,0.0%,$0.9k,1,1,
154,Manhattan,0.0%,$0.0k,1,0,
1,Buena Vista,16.5%,"$1,524.0",29,19,
2,Sony / Columbia,13.0%,"$1,197.1",31,24,
3,Warner Bros.,12.8%,"$1,178.2",25,20,
4,Universal,11.6%,"$1,069.6",18,14,
5,New Line,10.1%,$934.4,16,13,
6,20th Century Fox,8.4%,$774.0,20,16,
7,Paramount,7.1%,$654.1,21,15,
8,Miramax,4.4%,$407.3,28,19,
9,MGM/UA,4.0%,$371.4,23,15,
10,Dimension Films,3.1%,$289.7,6,4,
11,DreamWorks SKG,3.0%,$272.9,10,7,
12,Fox Searchlight,1.3%,$121.5,13,10,
13,Focus Features,1.1%,$104.9,10,8,
14,Lionsgate,0.6%,$54.4,17,14,
15,Sony Classics,0.4%,$33.0,27,19,
16,IMAX,0.3%,$27.1,8,1,
17,Artisan,0.3%,$23.9,8,5,
18,Newmarket,0.2%,$22.3,6,5,
19,IFC,0.2%,$21.1,9,8,
20,Odeon,0.1%,$12.3,7,7,
21,IDP,0.1%,$10.6,12,10,
22,ThinkFilm,0.1%,$9.5,7,7,
23,Alliance,0.1%,$9.1,8,7,
24,Fine Line,0.1%,$7.2,2,2,
25,Zeitgeist,0.1%,$6.4,5,4,
26,RS,0.1%,$5.8,3,3,
27,Paramount Classics,0.1%,$5.4,9,6,
28,SK Films,0.0%,$4.3,1,1,
29,Manhattan,0.0%,$3.7,2,1,
30,Eros,0.0%,$3.6,10,10,
31,Magnolia,0.0%,$3.2,3,3,
32,Equinox,0.0%,$3.0,1,1,
33,Wellspring,0.0%,$3.0,9,7,
34,N Wave,0.0%,$2.8,3,0,
35,Yash Raj,0.0%,$2.7,3,2,
36,Warren Miller,0.0%,$2.4,1,1,
37,Christal Films,0.0%,$2.3,5,5,
38,Palm,0.0%,$2.2,10,10,
39,WGB.,0.0%,$1.8,1,0,
40,New Yorker,0.0%,$1.6,17,11,
41,Innovation Film Group,0.0%,$1.6,7,6,
42,Roxie,0.0%,$1.5,1,0,
43,Strand,0.0%,$1.4,17,12,
44,Vitagraph,0.0%,$1.4,3,3,
45,Rajshri Intl.,0.0%,$1.3,2,2,
46,Chris.,0.0%,$1.3,2,2,
47,Mormon Movies,0.0%,$1.1,1,1,
48,Halestorm,0.0%,$1.1,1,1,
49,TVA,0.0%,$957k,4,4,
50,Menemsha,0.0%,$865k,3,2,
51,Cowboy,0.0%,$861k,15,2,
52,First Run,0.0%,$849k,14,8,
53,Rialto,0.0%,$801k,7,5,
54,Seville,0.0%,$684k,1,1,
55,Avatar,0.0%,$679k,4,2,
56,Panorama,0.0%,$672k,2,1,
57,Kino,0.0%,$666k,11,7,
58,Indican,0.0%,$642k,8,5,
59,First Look,0.0%,$608k,5,5,
60,CAVU,0.0%,$595k,1,1,
61,Sundance Film Series,0.0%,$587k,4,4,
62,Gold Circle,0.0%,$570k,2,1,
63,TLA Releasing,0.0%,$568k,6,5,
64,Shadow Dist.,0.0%,$524k,3,4,
65,Five & Two Pictures,0.0%,$521k,1,0,
66,Small Planet,0.0%,$467k,4,3,
67,Megastar,0.0%,$410k,1,1,
68,MAC Releasing,0.0%,$400k,3,3,
69,Five Sisters,0.0%,$392k,1,0,
70,Excel,0.0%,$373k,2,1,
71,Artistic License,0.0%,$368k,2,3,
72,Tips,0.0%,$346k,1,1,
73,Animation Show,0.0%,$304k,1,1,
74,Arenaplex,0.0%,$291k,2,2,
75,Video Sound,0.0%,$285k,1,1,
76,Jet Films,0.0%,$261k,1,1,
77,Regent Releasing,0.0%,$246k,2,1,
78,Empire,0.0%,$203k,7,3,
79,Media Partners,0.0%,$195k,1,0,
80,Net Effect,0.0%,$192k,2,2,
81,Films Philos,0.0%,$176k,1,1,
82,Gatekeeper,0.0%,$165k,1,1,
83,Lang Films,0.0%,$165k,1,1,
84,Purple,0.0%,$138k,1,1,
85,Venevision,0.0%,$123k,2,2,
86,Picture This!,0.0%,$118k,2,1,
87,Spark Media,0.0%,$107k,1,1,
88,Music Masala Films,0.0%,$85.7k,1,1,
89,ADV Films,0.0%,$77.6k,1,1,
90,Cinema Guild,0.0%,$75.0k,3,2,
91,Trillion,0.0%,$71.7k,1,1,
92,Rainbow Releasing,0.0%,$57.6k,1,0,
93,120 Degree Films,0.0%,$56.1k,1,1,
94,Small Island,0.0%,$53.1k,1,1,
95,Lifesize,0.0%,$49.5k,1,1,
96,7th Art,0.0%,$48.7k,3,3,
97,MPE,0.0%,$37.7k,1,0,
98,Castle Hill,0.0%,$37.2k,4,3,
99,Facets,0.0%,$36.8k,2,2,
100,Cinema Tropical,0.0%,$33.1k,1,1,
101,DEJ,0.0%,$30.5k,1,1,
102,Leisure Time,0.0%,$30.2k,2,1,
103,Lot 47,0.0%,$24.6k,1,0,
104,Strata Prods.,0.0%,$21.4k,1,1,
105,JF Productions,0.0%,$19.8k,1,1,
106,Spanish Moss,0.0%,$19.4k,1,1,
107,Pioneer,0.0%,$16.2k,1,1,
108,Cinema Four,0.0%,$15.9k,5,5,
109,Paradise Acres,0.0%,$15.6k,1,1,
110,Spit N' Glue,0.0%,$14.9k,1,1,
111,Arab Film Dist.,0.0%,$14.3k,2,2,
112,Hollywood Global,0.0%,$11.5k,1,1,
113,Fish Eye,0.0%,$11.4k,1,1,
114,Loop Filmworks,0.0%,$11.3k,1,1,
115,David Keith,0.0%,$11.0k,2,1,
116,Film Movement,0.0%,$11.0k,1,1,
117,Manifesto Films,0.0%,$9.4k,1,1,
118,Balcony Releasing,0.0%,$8.9k,1,1,
119,Icarus Films,0.0%,$8.5k,1,0,
120,Miracle Film Distribution,0.0%,$8.0k,1,1,
121,Neverland,0.0%,$8.0k,1,1,
122,Reliance Films,0.0%,$7.5k,1,1,
123,The Martindale Group,0.0%,$6.9k,1,1,
124,Testimony,0.0%,$6.1k,1,1,
125,Outrider,0.0%,$5.7k,2,2,
126,Tidepoint Pictures,0.0%,$4.6k,1,1,
127,Arrival Pictures,0.0%,$4.2k,1,1,
128,Jour de Fete,0.0%,$4.1k,1,1,
129,Off-Holywd. Dist.,0.0%,$3.2k,1,1,
130,Hiqi Media,0.0%,$3.2k,1,1,
131,Pathfinder,0.0%,$1.6k,1,1,
132,Running Entertainment,0.0%,$1.6k,1,1,
133,Emerging Pictures,0.0%,$1.4k,1,1,
134,"Exorcism The Movie, LLC",0.0%,$1.3k,1,1,
135,Rainforest,0.0%,$1.0k,1,0,
136,Abramorama,0.0%,$1.0k,1,1,
1,Sony / Columbia,17.2%,"$1,571.6",35,31,
2,Buena Vista,13.0%,"$1,187.7",28,22,
3,Warner Bros.,11.7%,"$1,072.6",35,28,
4,20th Century Fox,10.1%,$924.7,22,14,
5,Universal,9.5%,$873.8,20,15,
6,New Line,9.5%,$871.5,13,10,
7,Paramount,7.4%,$673.8,25,19,
8,DreamWorks SKG,5.2%,$479.3,7,7,
9,MGM/UA,4.0%,$363.1,23,19,
10,Miramax,2.7%,$245.5,32,24,
11,IFC,2.6%,$238.4,6,5,
12,Fox Searchlight,1.4%,$132.7,8,7,
13,Dimension Films,1.4%,$132.3,6,6,
14,Lionsgate,0.8%,$73.3,17,13,
15,USA Films,0.6%,$55.4,3,1,
16,Artisan,0.6%,$54.8,7,6,
17,IMAX,0.5%,$42.0,9,0,
18,Focus Features,0.3%,$25.5,7,7,
19,Sony Classics,0.3%,$24.1,27,19,
20,Heliograph,0.1%,$13.4,1,0,
21,IDP,0.1%,$7.6,9,8,
22,WGB.,0.1%,$7.4,1,0,
23,Paramount Classics,0.1%,$7.1,10,9,
24,Alliance,0.1%,$6.1,2,2,
25,Newmarket,0.1%,$5.2,1,1,
26,Excel,0.1%,$4.8,2,1,
27,Manhattan,0.0%,$4.5,2,2,
28,Lot 47,0.0%,$4.4,4,3,
29,N Wave,0.0%,$3.9,3,0,
30,ThinkFilm,0.0%,$3.8,6,6,
31,Cowboy,0.0%,$3.2,16,14,
32,Magnolia,0.0%,$3.2,4,4,
33,Eros,0.0%,$2.9,2,2,
34,Wellspring,0.0%,$2.1,10,8,
35,Menemsha,0.0%,$2.1,4,1,
36,Kino,0.0%,$2.0,8,8,
37,Fine Line,0.0%,$1.9,4,4,
38,Palm,0.0%,$1.9,2,2,
39,New Yorker,0.0%,$1.7,12,5,
40,Christal Films,0.0%,$1.5,3,3,
41,Cinebella,0.0%,$1.5,2,2,
42,Halestorm,0.0%,$1.3,1,1,
43,First Run,0.0%,$1.1,11,10,
44,Yash Raj,0.0%,$1.0,2,1,
45,Regent Releasing,0.0%,$993k,1,0,
46,Media Partners,0.0%,$983k,2,2,
47,Avatar,0.0%,$942k,2,1,
48,Mongrel Media,0.0%,$925k,1,1,
49,Empire,0.0%,$883k,12,12,
50,Rainforest,0.0%,$881k,1,1,
51,First Look,0.0%,$811k,6,4,
52,Roxie,0.0%,$789k,3,3,
53,Five & Two Pictures,0.0%,$764k,1,1,
54,Zeitgeist,0.0%,$747k,5,4,
55,Outrider,0.0%,$695k,8,8,
56,Rialto,0.0%,$615k,6,6,
57,Myriad Entertainment Group,0.0%,$583k,1,0,
58,Strand,0.0%,$580k,7,7,
59,Indican,0.0%,$571k,3,2,
60,Musicwave,0.0%,$393k,1,1,
61,Panorama,0.0%,$343k,1,0,
62,Silver Nitrate,0.0%,$284k,2,2,
63,Maelstrom,0.0%,$279k,1,0,
64,David Keith,0.0%,$249k,1,1,
65,Magic Lamp,0.0%,$247k,2,2,
66,Small Planet,0.0%,$238k,1,1,
67,Jour de Fete,0.0%,$235k,1,1,
68,Oceanside,0.0%,$234k,1,1,
69,Rainbow Releasing,0.0%,$228k,1,0,
70,Arrow Releasing,0.0%,$208k,1,0,
71,Equinox,0.0%,$171k,1,1,
72,Innovation Film Group,0.0%,$168k,2,2,
73,Peninsula,0.0%,$144k,1,1,
74,Milestone,0.0%,$141k,1,1,
75,MAC Releasing,0.0%,$133k,1,1,
76,Streetlight,0.0%,$129k,1,1,
77,Artistic License,0.0%,$129k,6,6,
78,Jenkins,0.0%,$112k,1,1,
79,Leisure Time,0.0%,$102k,2,1,
80,Castle Hill,0.0%,$98.1k,3,3,
81,Video Sound,0.0%,$95.4k,1,1,
82,Bandai,0.0%,$94.1k,1,1,
83,Venevision,0.0%,$92.1k,2,2,
84,DEJ,0.0%,$79.2k,1,1,
85,Vitagraph,0.0%,$77.9k,1,1,
86,Hanson Brothers,0.0%,$75.2k,1,1,
87,Ruff Nation,0.0%,$70.6k,1,1,
88,Ent. Highway,0.0%,$65.2k,1,1,
89,Cinema Guild,0.0%,$65.2k,1,1,
90,Five Sisters,0.0%,$64.4k,1,1,
91,MPE,0.0%,$60.9k,1,1,
92,Picture This!,0.0%,$57.7k,1,1,
93,National Amusements,0.0%,$55.0k,1,1,
94,Access,0.0%,$44.1k,1,0,
95,Pathfinder,0.0%,$37.7k,6,6,
96,7th Art,0.0%,$36.1k,5,5,
97,Icarus Films,0.0%,$26.6k,1,1,
98,Gold Circle,0.0%,$23.8k,1,1,
99,Odyssey,0.0%,$23.8k,1,1,
100,Media Blasters,0.0%,$18.1k,1,1,
101,Seventh Art,0.0%,$17.8k,4,4,
102,Keystone,0.0%,$17.6k,1,1,
103,TLA Releasing,0.0%,$17.5k,1,1,
104,Gabriel Film Group,0.0%,$15.9k,1,1,
105,Open Edge,0.0%,$11.6k,1,1,
106,Exile,0.0%,$10.1k,1,1,
107,Flatland,0.0%,$8.4k,1,1,
108,Artmattan Prods.,0.0%,$7.4k,2,2,
109,Northern Arts,0.0%,$6.2k,1,1,
110,Tartan,0.0%,$6.1k,1,1,
111,OFI,0.0%,$5.0k,1,1,
112,Wanderman,0.0%,$3.2k,1,1,
113,Cheapo Films,0.0%,$2.5k,1,1,
114,Wine Women & Song,0.0%,$2.2k,1,1,
115,Dylan,0.0%,$2.2k,1,1,
116,Friedman-Nadler,0.0%,$2.1k,1,1,
117,Boll Films,0.0%,$1.5k,1,1,
1,Warner Bros.,15.1%,"$1,224.8",34,27,
2,Universal,11.7%,$951.5,19,13,
3,Paramount,11.0%,$891.5,17,14,
4,Buena Vista,10.9%,$887.8,20,14,
5,20th Century Fox,10.6%,$862.9,20,16,
6,Sony / Columbia,9.0%,$729.3,30,25,
7,Miramax,7.5%,$611.7,34,25,
8,New Line,6.7%,$546.4,12,9,
9,MGM/UA,5.5%,$448.3,12,11,
10,DreamWorks SKG,4.9%,$400.8,11,5,
11,USA Films,1.7%,$141.0,12,11,
12,Sony Classics,1.7%,$138.4,15,11,
13,Lionsgate,0.7%,$55.6,21,17,
14,Fox Searchlight,0.6%,$45.4,5,4,
15,Newmarket,0.3%,$26.1,2,2,
16,Paramount Classics,0.3%,$22.7,10,7,
17,IMAX,0.3%,$22.3,10,3,
18,Fine Line,0.2%,$16.7,5,3,
19,Artisan,0.2%,$13.6,6,5,
20,8X Entertainment,0.1%,$7.8,2,2,
21,Focus Features,0.1%,$6.5,6,5,
22,WGB.,0.1%,$6.4,1,1,
23,First Look,0.1%,$6.1,3,4,
24,N Wave,0.1%,$5.3,2,1,
25,Samuel Goldwyn,0.1%,$4.5,1,1,
26,IDP,0.1%,$4.3,5,5,
27,Cloud Ten,0.1%,$4.2,1,1,
28,Winstar,0.0%,$3.2,5,3,
29,IFC,0.0%,$3.0,8,8,
30,Kino,0.0%,$2.5,1,1,
31,Power Point,0.0%,$2.3,1,1,
32,Purple,0.0%,$2.3,1,1,
33,Yash Raj,0.0%,$2.1,1,1,
34,Lot 47,0.0%,$2.1,5,4,
35,Cowboy,0.0%,$2.0,4,3,
36,Eros,0.0%,$1.6,7,5,
37,Rainbow Releasing,0.0%,$1.5,1,1,
38,Excel,0.0%,$1.3,2,2,
39,Seville,0.0%,$1.2,1,1,
40,Providence,0.0%,$1.1,2,2,
41,Tips,0.0%,$1.0,1,1,
42,Castle Hill,0.0%,$877k,2,1,
43,Cho,0.0%,$847k,1,0,
44,Set Pictures,0.0%,$836k,1,1,
45,Alliance,0.0%,$763k,2,1,
46,Roxie,0.0%,$737k,1,0,
47,Avatar,0.0%,$679k,3,3,
48,Zeitgeist,0.0%,$668k,5,5,
49,Access,0.0%,$590k,1,1,
50,Jour de Fete,0.0%,$512k,1,1,
51,Empire,0.0%,$424k,2,1,
52,Wellspring,0.0%,$369k,2,4,
53,TSG,0.0%,$361k,4,3,
54,Picture This!,0.0%,$343k,2,2,
55,Strand,0.0%,$334k,3,2,
56,Shadow Dist.,0.0%,$316k,1,1,
57,New Yorker,0.0%,$307k,3,6,
58,First Run,0.0%,$227k,2,3,
59,Iron,0.0%,$215k,1,0,
60,Panorama,0.0%,$196k,2,3,
61,Filmways,0.0%,$190k,1,1,
62,Urbanworld,0.0%,$188k,2,2,
63,Equinox,0.0%,$184k,1,1,
64,Urban Vision,0.0%,$151k,1,1,
65,Maelstrom,0.0%,$142k,1,1,
66,Vitagraph,0.0%,$134k,2,2,
67,Artistic License,0.0%,$123k,3,3,
68,Pioneer,0.0%,$114k,1,1,
69,Tidepoint Pictures,0.0%,$94.6k,1,1,
70,Heartland Film,0.0%,$81.8k,1,1,
71,2Silk,0.0%,$71.5k,1,1,
72,Keystone,0.0%,$69.3k,2,2,
73,Shooting Gallery,0.0%,$49.4k,1,1,
74,Chris.,0.0%,$43.6k,1,1,
75,Andora Pictures,0.0%,$41.2k,2,2,
76,Arrow Releasing,0.0%,$30.6k,1,1,
77,Rialto,0.0%,$28.7k,1,1,
78,Blue Steel,0.0%,$28.1k,1,1,
79,Menemsha,0.0%,$27.9k,2,4,
80,ADV Films,0.0%,$25.8k,1,1,
81,Hamzeh Mystique,0.0%,$25.0k,1,1,
82,Gabriel Film Group,0.0%,$19.8k,1,1,
83,Cinema Village,0.0%,$19.8k,2,2,
84,Regent Releasing,0.0%,$17.2k,1,2,
85,Indican,0.0%,$14.0k,1,1,
86,Cinemax,0.0%,$12.8k,1,1,
87,Attitude Films,0.0%,$10.7k,1,1,
88,Social Media Productions,0.0%,$6.1k,1,1,
89,Ibex,0.0%,$0.6k,1,1,
1,Buena Vista,15.5%,"$1,175.6",30,21,
2,Universal,14.1%,"$1,069.1",19,13,
3,Warner Bros.,11.9%,$905.3,28,22,
4,Paramount,10.4%,$791.1,19,12,
5,DreamWorks SKG,10.3%,$777.2,12,10,
6,20th Century Fox,9.5%,$723.3,17,13,
7,Sony / Columbia,9.0%,$681.5,34,29,
8,New Line,4.9%,$374.5,16,14,
9,Miramax,4.8%,$365.3,27,23,
10,Dimension Films,1.5%,$110.9,2,2,
11,MGM/UA,1.4%,$105.9,8,7,
12,USA Films,1.2%,$89.7,18,14,
13,Artisan,1.0%,$73.3,11,8,
14,IMAX,0.8%,$63.7,11,2,
15,Destination,0.7%,$55.3,5,5,
16,Sony Classics,0.6%,$47.2,19,13,
17,Lionsgate,0.4%,$33.1,20,18,
18,Fine Line,0.3%,$22.1,11,10,
19,Fox Searchlight,0.3%,$19.4,8,6,
20,Focus Features,0.2%,$17.1,2,2,
21,Paramount Classics,0.2%,$16.4,7,6,
22,MacGillivray Freeman Films,0.2%,$13.0,1,0,
23,TSG,0.1%,$6.7,2,2,
24,Trimark,0.1%,$5.4,3,3,
25,Eros,0.0%,$3.5,19,19,
26,N Wave,0.0%,$3.2,1,0,
27,Zion,0.0%,$2.6,1,1,
28,Cowboy,0.0%,$1.8,3,4,
29,Yash Raj,0.0%,$1.7,2,2,
30,First Look,0.0%,$1.3,3,2,
31,Equinox,0.0%,$1.2,1,1,
32,Rainforest,0.0%,$1.2,1,1,
33,Kino,0.0%,$1.1,4,4,
34,Empire,0.0%,$1.1,2,2,
35,Indican,0.0%,$1.1,4,4,
36,Iron,0.0%,$1.1,1,1,
37,Video Sound,0.0%,$962k,2,2,
38,Zeitgeist,0.0%,$927k,1,1,
39,Hombre,0.0%,$886k,1,1,
40,Odeon,0.0%,$823k,2,2,
41,Lot 47,0.0%,$705k,3,3,
42,New Yorker,0.0%,$691k,6,6,
43,Providence,0.0%,$620k,3,2,
44,New Latin,0.0%,$535k,2,2,
45,Winstar,0.0%,$521k,2,3,
46,Artistic License,0.0%,$488k,3,3,
47,Rialto,0.0%,$460k,1,1,
48,Strand,0.0%,$426k,5,5,
49,7th Art,0.0%,$421k,3,3,
50,Little Villa,0.0%,$392k,1,1,
51,Cinema Libre,0.0%,$377k,1,1,
52,First Run,0.0%,$370k,3,2,
53,North by Northwest,0.0%,$367k,1,0,
54,Cho,0.0%,$364k,1,1,
55,IDP,0.0%,$358k,2,2,
56,Wellspring,0.0%,$338k,1,1,
57,Unapix Ent.,0.0%,$318k,2,2,
58,Palm,0.0%,$310k,1,1,
59,Castle Hill,0.0%,$284k,2,2,
60,Stratosphere,0.0%,$278k,1,1,
61,Phaedra,0.0%,$242k,4,3,
62,Shooting Gallery,0.0%,$210k,4,4,
63,Vid.,0.0%,$204k,1,1,
64,Samuel Goldwyn,0.0%,$188k,1,0,
65,Picture Me Rollin,0.0%,$171k,1,1,
66,Independent Artists,0.0%,$170k,1,1,
67,Alliance,0.0%,$160k,1,1,
68,Manga,0.0%,$143k,1,1,
69,IFC,0.0%,$117k,1,1,
70,Seville,0.0%,$111k,1,1,
71,Palisades Ent.,0.0%,$75.2k,1,1,
72,Silver Nitrate,0.0%,$53.5k,2,2,
73,Roxie,0.0%,$42.3k,1,1,
74,CanWest Films,0.0%,$38.2k,1,1,
75,Regent Releasing,0.0%,$26.7k,2,2,
76,Arrow Releasing,0.0%,$18.2k,1,1,
77,Keystone,0.0%,$7.8k,1,1,
78,Film Acres,0.0%,$7.3k,1,1,
79,Redeemable,0.0%,$5.8k,1,1,
80,Unknown,0.0%,$4.3k,1,1,
81,Venice Film Merchants,0.0%,$3.9k,1,1,
82,Hollywood Classics,0.0%,$2.7k,1,1,
83,Monarch,0.0%,$1.6k,1,1,
1,Buena Vista,31.8%,"$2,746.0",10,7,
2,Warner Bros.,13.3%,"$1,150.4",28,17,
3,Universal,12.6%,"$1,090.2",12,10,
4,Sony / Columbia,9.7%,$840.2,19,14,
5,20th Century Fox,8.9%,$770.7,12,7,
6,Paramount,6.5%,$563.3,8,6,
7,Lionsgate,3.4%,$293.3,16,15,
8,STX Entertainment,2.7%,$234.4,9,7,
9,Focus Features,1.7%,$145.7,10,7,
10,Fox Searchlight,1.3%,$110.6,3,1,
11,Roadside Attractions,1.3%,$108.9,9,8,
12,A24,1.0%,$83.7,13,10,
13,Entertainment Studios,0.6%,$53.2,3,2,
14,MGM/UA,0.6%,$50.3,2,2,
15,Global Road,0.5%,$40.5,4,4,
16,Neon,0.5%,$40.2,5,4,
17,Sony Classics,0.4%,$31.2,15,10,
18,Bleecker Street,0.3%,$26.8,9,8,
19,Aviron,0.3%,$24.6,1,1,
20,BH Tilt,0.2%,$20.7,2,2,
21,Pure Flix,0.2%,$18.6,5,4,
22,Fathom,0.2%,$17.8,21,21,
23,Sony / AFFIRM Films,0.2%,$17.6,1,1,
24,Annapurna Pictures,0.2%,$17.4,1,1,
25,Magnolia,0.2%,$17.0,22,19,
26,Viva Pictures Distribution,0.1%,$12.3,4,4,
27,IFC,0.1%,$10.9,19,19,
28,Mirror/LD,0.1%,$10.2,1,1,
29,FIP,0.1%,$9.2,2,2,
30,Well Go USA,0.1%,$7.3,19,16,
31,LD Entertainment,0.1%,$6.8,1,1,
32,Orion Pictures,0.1%,$6.1,2,1,
33,Vertical Entertainment,0.1%,$5.0,8,8,
34,The Orchard,0.0%,$4.1,11,9,
35,Amazon Studios,0.0%,$4.1,3,2,
36,GKIDS,0.0%,$4.0,8,6,
37,Fun Academy,0.0%,$3.8,2,2,
38,Shorts International,0.0%,$3.5,1,1,
39,Electric Entertainment,0.0%,$3.4,1,1,
40,Yash Raj,0.0%,$3.0,3,2,
41,Great India Films,0.0%,$2.7,1,1,
42,Greenwich,0.0%,$2.7,5,5,
43,Freestyle Releasing,0.0%,$2.4,1,1,
44,Gunpowder & Sky,0.0%,$2.4,1,1,
45,IMAX,0.0%,$2.3,4,0,
46,Cohen Media Group,0.0%,$1.9,9,8,
47,China Lion,0.0%,$1.6,8,6,
48,Eros,0.0%,$1.5,5,5,
49,Abramorama,0.0%,$1.4,10,9,
50,Kino Lorber,0.0%,$1.2,18,15,
51,Strand,0.0%,$1.2,9,8,
52,ArtAffects,0.0%,$1.2,1,1,
53,FilmRise,0.0%,$1.0,6,5,
54,Swen,0.0%,$1.0,1,1,
55,CJ Entertainment,0.0%,$950k,6,6,
56,Zeitgeist,0.0%,$860k,4,2,
57,Oscilloscope Pictures,0.0%,$819k,11,9,
58,Good Deed,0.0%,$818k,3,2,
59,Film Movement,0.0%,$744k,13,10,
60,Gathr Films,0.0%,$689k,23,9,
61,Music Box Films,0.0%,$685k,9,7,
62,Menemsha,0.0%,$670k,2,1,
63,Indican,0.0%,$649k,15,13,
64,Open Road Films,0.0%,$583k,1,0,
65,Gaumont British Picture Corporation,0.0%,$411k,1,1,
66,FUNimation Films,0.0%,$377k,1,1,
67,Janus Films,0.0%,$323k,9,8,
68,Hannover House,0.0%,$279k,4,4,
69,Cinema Guild,0.0%,$279k,10,8,
70,Samuel Goldwyn,0.0%,$252k,3,3,
71,Dada Films,0.0%,$221k,1,1,
72,Argot Pictures,0.0%,$218k,2,1,
73,PBS Distribution,0.0%,$213k,3,1,
74,Atlantic Records,0.0%,$211k,1,1,
75,Pack Your Bags,0.0%,$182k,1,1,
76,Eleven Arts,0.0%,$178k,2,2,
77,Gravitas Ventures,0.0%,$164k,5,5,
78,Conglomerate Media,0.0%,$147k,1,1,
79,Grasshopper Film,0.0%,$119k,11,6,
80,Super,0.0%,$118k,3,3,
81,MUBI,0.0%,$115k,1,1,
82,Rialto,0.0%,$107k,6,5,
83,Great Point,0.0%,$99.7k,2,2,
84,Shout! Factory,0.0%,$96.1k,3,3,
85,Atlas Distribution,0.0%,$94.8k,2,1,
86,"Darin Southam Endeavor, Inc.",0.0%,$93.2k,1,1,
87,Blue Fox Ent.,0.0%,$91.4k,2,2,
88,Lightyear Entertainment,0.0%,$87.6k,1,1,
89,Parade Deck Films,0.0%,$74.9k,5,5,
90,Passion River,0.0%,$73.9k,1,1,
91,Outsider Films,0.0%,$73.5k,1,1,
92,Distrib Films,0.0%,$68.6k,6,6,
93,Vitagraph,0.0%,$61.6k,2,1,
94,FilmBuff,0.0%,$57.3k,1,1,
95,Under the Milky Way,0.0%,$56.6k,1,1,
96,Paladin,0.0%,$56.6k,2,2,
97,First Run,0.0%,$51.5k,7,6,
98,Icarus Films,0.0%,$51.3k,4,3,
99,Illumine Films,0.0%,$46.1k,1,1,
100,Cartilage,0.0%,$44.8k,2,2,
101,Zealous Productions,0.0%,$42.8k,1,1,
102,4th Row Films,0.0%,$35.7k,1,1,
103,Broad Green Pictures,0.0%,$32.6k,1,0,
104,CARUSEL,0.0%,$23.0k,2,2,
105,Idle Wild Films,0.0%,$22.3k,1,1,
106,Barn Owl,0.0%,$22.1k,1,0,
107,Cinema Libre Studio,0.0%,$15.9k,2,2,
108,Cinedigm Entertainment,0.0%,$15.1k,3,3,
109,Artmattan Prods.,0.0%,$13.9k,2,2,
110,Screen Media,0.0%,$12.4k,1,1,
111,Ammo Content,0.0%,$11.4k,2,2,
112,National Geographic Entertainment,0.0%,$11.2k,1,1,
113,IronFlix,0.0%,$11.1k,1,1,
114,Mainstreet,0.0%,$8.5k,1,1,
115,Epic Pictures,0.0%,$7.4k,1,1,
116,Zipporah Films,0.0%,$6.8k,1,0,
117,Fine Line Media,0.0%,$6.7k,1,1,
118,Cleopatra Films,0.0%,$5.5k,1,1,
119,Arrow Films,0.0%,$5.2k,1,1,
120,BloodSweatHoney,0.0%,$5.0k,1,1,
121,Central Square,0.0%,$4.4k,1,1,
122,Synergetic Distribution,0.0%,$2.4k,1,1,
123,AMBI,0.0%,$2.0k,1,0,
124,Newcity,0.0%,$1.9k,1,0,
125,CFI Releasing,0.0%,$1.8k,1,0,
126,Driving With Our Eyes Shut,0.0%,$0.7k,1,0,
127,The Film Arcade,0.0%,$0.1k,1,1,
